module,method,uri,route_name,permission
academic,GET,/api/v1/app/academic/departments/pre-requisite,departments.preRequisite,academic-department:manage
academic,POST,/api/v1/app/academic/departments/reorder,departments.reorder,academic-department:manage
academic,GET,/api/v1/app/academic/department-incharges/pre-requisite,department-incharges.preRequisite,academic-department:manage
academic,GET,/api/v1/app/academic/department-incharges,,academic-department:manage
academic,POST,/api/v1/app/academic/department-incharges,,academic-department:manage
academic,GET,/api/v1/app/academic/department-incharges/{id},,academic-department:manage
academic,PUT|PATCH,/api/v1/app/academic/department-incharges/{id},,academic-department:manage
academic,DELETE,/api/v1/app/academic/department-incharges/{id},,academic-department:manage
academic,GET,/api/v1/app/academic/departments,,academic-department:manage
academic,POST,/api/v1/app/academic/departments,,academic-department:manage
academic,GET,/api/v1/app/academic/departments/{id},,academic-department:manage
academic,PUT|PATCH,/api/v1/app/academic/departments/{id},,academic-department:manage
academic,DELETE,/api/v1/app/academic/departments/{id},,academic-department:manage
academic,GET,/api/v1/app/academic/program-types/pre-requisite,program-types.preRequisite,program:manage
academic,GET,/api/v1/app/academic/program-types,,program:manage
academic,POST,/api/v1/app/academic/program-types,,program:manage
academic,GET,/api/v1/app/academic/program-types/{id},,program:manage
academic,PUT|PATCH,/api/v1/app/academic/program-types/{id},,program:manage
academic,DELETE,/api/v1/app/academic/program-types/{id},,program:manage
academic,GET,/api/v1/app/academic/programs/pre-requisite,programs.preRequisite,program:manage
academic,POST,/api/v1/app/academic/programs/reorder,programs.reorder,program:manage
academic,GET,/api/v1/app/academic/program-incharges/pre-requisite,program-incharges.preRequisite,program:manage
academic,GET,/api/v1/app/academic/program-incharges,,program:manage
academic,POST,/api/v1/app/academic/program-incharges,,program:manage
academic,GET,/api/v1/app/academic/program-incharges/{id},,program:manage
academic,PUT|PATCH,/api/v1/app/academic/program-incharges/{id},,program:manage
academic,DELETE,/api/v1/app/academic/program-incharges/{id},,program:manage
academic,GET,/api/v1/app/academic/programs,,program:manage
academic,POST,/api/v1/app/academic/programs,,program:manage
academic,GET,/api/v1/app/academic/programs/{id},,program:manage
academic,PUT|PATCH,/api/v1/app/academic/programs/{id},,program:manage
academic,DELETE,/api/v1/app/academic/programs/{id},,program:manage
academic,GET,/api/v1/app/academic/sessions/pre-requisite,sessions.preRequisite,session:manage
academic,GET,/api/v1/app/academic/sessions,,session:manage
academic,POST,/api/v1/app/academic/sessions,,session:manage
academic,GET,/api/v1/app/academic/sessions/{id},,session:manage
academic,PUT|PATCH,/api/v1/app/academic/sessions/{id},,session:manage
academic,DELETE,/api/v1/app/academic/sessions/{id},,session:manage
academic,GET,/api/v1/app/academic/periods/pre-requisite,periods.preRequisite,
academic,POST,/api/v1/app/academic/periods/{period}/select,periods.select,period:change
academic,POST,/api/v1/app/academic/periods/{period}/default,periods.default,period:update
academic,POST,/api/v1/app/academic/periods/{period}/archive,periods.archive,
academic,POST,/api/v1/app/academic/periods/{period}/unarchive,periods.unarchive,
academic,POST,/api/v1/app/academic/periods/{period}/import,periods.import,period:create
academic,GET,/api/v1/app/academic/periods,,
academic,POST,/api/v1/app/academic/periods,,
academic,GET,/api/v1/app/academic/periods/{id},,
academic,PUT|PATCH,/api/v1/app/academic/periods/{id},,
academic,DELETE,/api/v1/app/academic/periods/{id},,
academic,GET,/api/v1/app/academic/divisions/pre-requisite,divisions.preRequisite,
academic,POST,/api/v1/app/academic/divisions/reorder,divisions.reorder,
academic,POST,/api/v1/app/academic/divisions/{division}/config,divisions.updateConfig,
academic,POST,/api/v1/app/academic/divisions/{division}/period,divisions.updateCurrentPeriod,
academic,GET,/api/v1/app/academic/divisions,,
academic,POST,/api/v1/app/academic/divisions,,
academic,GET,/api/v1/app/academic/divisions/{id},,
academic,PUT|PATCH,/api/v1/app/academic/divisions/{id},,
academic,DELETE,/api/v1/app/academic/divisions/{id},,
academic,GET,/api/v1/app/academic/division-incharges/pre-requisite,division-incharges.preRequisite,
academic,GET,/api/v1/app/academic/division-incharges,,
academic,POST,/api/v1/app/academic/division-incharges,,
academic,GET,/api/v1/app/academic/division-incharges/{id},,
academic,PUT|PATCH,/api/v1/app/academic/division-incharges/{id},,
academic,DELETE,/api/v1/app/academic/division-incharges/{id},,
academic,GET,/api/v1/app/academic/courses/pre-requisite,courses.preRequisite,
academic,POST,/api/v1/app/academic/courses/{course}/batches,courses.addBatches,
academic,POST,/api/v1/app/academic/courses/reorder,courses.reorder,
academic,POST,/api/v1/app/academic/courses/reorder-batch,courses.reorderBatch,
academic,POST,/api/v1/app/academic/courses/{course}/enrollment-seat,courses.updateEnrollmentSeat,
academic,POST,/api/v1/app/academic/courses/{course}/config,courses.updateConfig,
academic,POST,/api/v1/app/academic/courses/{course}/period,courses.updateCurrentPeriod,
academic,POST,/api/v1/app/academic/courses/import,,course:create
academic,GET,/api/v1/app/academic/courses,,
academic,POST,/api/v1/app/academic/courses,,
academic,GET,/api/v1/app/academic/courses/{id},,
academic,PUT|PATCH,/api/v1/app/academic/courses/{id},,
academic,DELETE,/api/v1/app/academic/courses/{id},,
academic,GET,/api/v1/app/academic/course-incharges/pre-requisite,course-incharges.preRequisite,
academic,GET,/api/v1/app/academic/course-incharges,,
academic,POST,/api/v1/app/academic/course-incharges,,
academic,GET,/api/v1/app/academic/course-incharges/{id},,
academic,PUT|PATCH,/api/v1/app/academic/course-incharges/{id},,
academic,DELETE,/api/v1/app/academic/course-incharges/{id},,
academic,GET,/api/v1/app/academic/enrollment-seats/pre-requisite,enrollment-seats.preRequisite,
academic,GET,/api/v1/app/academic/enrollment-seats,,
academic,POST,/api/v1/app/academic/enrollment-seats,,
academic,GET,/api/v1/app/academic/enrollment-seats/{id},,
academic,PUT|PATCH,/api/v1/app/academic/enrollment-seats/{id},,
academic,DELETE,/api/v1/app/academic/enrollment-seats/{id},,
academic,GET,/api/v1/app/academic/batches/pre-requisite,batches.preRequisite,
academic,GET,/api/v1/app/academic/batches/{batch}/subjects,batches.subjects,
academic,POST,/api/v1/app/academic/batches/{batch}/config,batches.updateConfig,
academic,POST,/api/v1/app/academic/batches/{batch}/period,batches.updateCurrentPeriod,
academic,POST,/api/v1/app/academic/batches/import,,batch:create
academic,GET,/api/v1/app/academic/batches/{batch}/optional-fee-heads,batches.getOptionalFeeHeads,
academic,GET,/api/v1/app/academic/batches,,
academic,POST,/api/v1/app/academic/batches,,
academic,GET,/api/v1/app/academic/batches/{id},,
academic,PUT|PATCH,/api/v1/app/academic/batches/{id},,
academic,DELETE,/api/v1/app/academic/batches/{id},,
academic,GET,/api/v1/app/academic/batch-incharges/pre-requisite,batch-incharges.preRequisite,
academic,GET,/api/v1/app/academic/batch-incharges,,
academic,POST,/api/v1/app/academic/batch-incharges,,
academic,GET,/api/v1/app/academic/batch-incharges/{id},,
academic,PUT|PATCH,/api/v1/app/academic/batch-incharges/{id},,
academic,DELETE,/api/v1/app/academic/batch-incharges/{id},,
academic,GET,/api/v1/app/academic/subjects/pre-requisite,subjects.preRequisite,
academic,POST,/api/v1/app/academic/subjects/reorder,subjects.reorder,
academic,GET,/api/v1/app/academic/subjects.records,,
academic,POST,/api/v1/app/academic/subjects.records,,
academic,GET,/api/v1/app/academic/subjects.records/{id},,
academic,PUT|PATCH,/api/v1/app/academic/subjects.records/{id},,
academic,DELETE,/api/v1/app/academic/subjects.records/{id},,
academic,POST,/api/v1/app/academic/subjects/{subject}/fee,subjects.updateFee,
academic,GET,/api/v1/app/academic/subjects,,
academic,POST,/api/v1/app/academic/subjects,,
academic,GET,/api/v1/app/academic/subjects/{id},,
academic,PUT|PATCH,/api/v1/app/academic/subjects/{id},,
academic,DELETE,/api/v1/app/academic/subjects/{id},,
academic,GET,/api/v1/app/academic/book-lists/pre-requisite,book-lists.preRequisite,
academic,POST,/api/v1/app/academic/book-lists/import,,book-list:create
academic,GET,/api/v1/app/academic/book-lists,,
academic,POST,/api/v1/app/academic/book-lists,,
academic,GET,/api/v1/app/academic/book-lists/{id},,
academic,PUT|PATCH,/api/v1/app/academic/book-lists/{id},,
academic,DELETE,/api/v1/app/academic/book-lists/{id},,
academic,GET,/api/v1/app/academic/subject-incharges/pre-requisite,subject-incharges.preRequisite,
academic,POST,/api/v1/app/academic/subject-incharges/import,,subject-incharge:create
academic,GET,/api/v1/app/academic/subject-incharges,,
academic,POST,/api/v1/app/academic/subject-incharges,,
academic,GET,/api/v1/app/academic/subject-incharges/{id},,
academic,PUT|PATCH,/api/v1/app/academic/subject-incharges/{id},,
academic,DELETE,/api/v1/app/academic/subject-incharges/{id},,
academic,GET,/api/v1/app/academic/certificate-templates/pre-requisite,certificateTemplates.preRequisite,
academic,GET,/api/v1/app/academic/certificate-templates,,
academic,POST,/api/v1/app/academic/certificate-templates,,
academic,GET,/api/v1/app/academic/certificate-templates/{id},,
academic,PUT|PATCH,/api/v1/app/academic/certificate-templates/{id},,
academic,DELETE,/api/v1/app/academic/certificate-templates/{id},,
academic,GET,/api/v1/app/academic/certificates/pre-requisite,certificates.preRequisite,
academic,GET,/api/v1/app/academic/certificates,,
academic,POST,/api/v1/app/academic/certificates,,
academic,GET,/api/v1/app/academic/certificates/{id},,
academic,PUT|PATCH,/api/v1/app/academic/certificates/{id},,
academic,DELETE,/api/v1/app/academic/certificates/{id},,
academic,GET,/api/v1/app/academic/id-card-templates/pre-requisite,idCardTemplates.preRequisite,
academic,GET,/api/v1/app/academic/id-card-templates,,
academic,POST,/api/v1/app/academic/id-card-templates,,
academic,GET,/api/v1/app/academic/id-card-templates/{id},,
academic,PUT|PATCH,/api/v1/app/academic/id-card-templates/{id},,
academic,DELETE,/api/v1/app/academic/id-card-templates/{id},,
academic,GET,/api/v1/app/academic/id-cards/pre-requisite,idCards.preRequisite,
academic,GET,/api/v1/app/academic/id-cards,idCards.print,
academic,GET,/api/v1/app/academic/class-timings/pre-requisite,class-timings.preRequisite,
academic,GET,/api/v1/app/academic/class-timings,,
academic,POST,/api/v1/app/academic/class-timings,,
academic,GET,/api/v1/app/academic/class-timings/{id},,
academic,PUT|PATCH,/api/v1/app/academic/class-timings/{id},,
academic,DELETE,/api/v1/app/academic/class-timings/{id},,
academic,GET,/api/v1/app/academic/timetables/pre-requisite,timetables.preRequisite,
academic,GET,/api/v1/app/academic/timetables/{timetable}/allocation/pre-requisite,timetables.allocation.preRequisite,timetable:allocate
academic,POST,/api/v1/app/academic/timetables/{timetable}/allocation,timetables.allocation,timetable:allocate
academic,GET,/api/v1/app/academic/timetables,,
academic,POST,/api/v1/app/academic/timetables,,
academic,GET,/api/v1/app/academic/timetables/{id},,
academic,PUT|PATCH,/api/v1/app/academic/timetables/{id},,
academic,DELETE,/api/v1/app/academic/timetables/{id},,
activity,GET,/api/v1/app/activity/trips/pre-requisite,,
activity,POST,/api/v1/app/activity/trips/{trip}/assets/{type},trips.uploadAsset,
activity,DELETE,/api/v1/app/activity/trips/{trip}/assets/{type},trips.removeAsset,
activity,POST,/api/v1/app/activity/trips/{trip}/media,trips.uploadMedia,
activity,DELETE,/api/v1/app/activity/trips/{trip}/media/{uuid},trips.removeMedia,
activity,GET,/api/v1/app/activity/trips.participants,,
activity,POST,/api/v1/app/activity/trips.participants,,
activity,GET,/api/v1/app/activity/trips.participants/{id},,
activity,PUT|PATCH,/api/v1/app/activity/trips.participants/{id},,
activity,DELETE,/api/v1/app/activity/trips.participants/{id},,
activity,GET,/api/v1/app/activity/trips,,
activity,POST,/api/v1/app/activity/trips,,
activity,GET,/api/v1/app/activity/trips/{id},,
activity,PUT|PATCH,/api/v1/app/activity/trips/{id},,
activity,DELETE,/api/v1/app/activity/trips/{id},,
approval,GET,/api/v1/app/approval/types/pre-requisite,types.preRequisite,
approval,GET,/api/v1/app/approval/types,,
approval,POST,/api/v1/app/approval/types,,
approval,GET,/api/v1/app/approval/types/{id},,
approval,PUT|PATCH,/api/v1/app/approval/types/{id},,
approval,DELETE,/api/v1/app/approval/types/{id},,
approval,GET,/api/v1/app/approval/requests/pre-requisite,requests.preRequisite,
approval,GET,/api/v1/app/approval/requests/{approval_request}/action/pre-requisite,requests.action.preRequisite,
approval,POST,/api/v1/app/approval/requests/{approval_request}/status,requests.action,
approval,POST,/api/v1/app/approval/requests/{approval_request}/cancel,requests.cancel,
approval,POST,/api/v1/app/approval/requests/{approval_request}/media,requests.uploadMedia,
approval,DELETE,/api/v1/app/approval/requests/{approval_request}/media/{uuid},requests.removeMedia,
approval,GET,/api/v1/app/approval/requests,,
approval,POST,/api/v1/app/approval/requests,,
approval,GET,/api/v1/app/approval/requests/{id},,
approval,PUT|PATCH,/api/v1/app/approval/requests/{id},,
approval,DELETE,/api/v1/app/approval/requests/{id},,
approval,GET,/api/v1/app/approval/reports/request-summary/pre-requisite,request-summary.preRequisite,approval:report
approval,GET,/api/v1/app/approval/reports/request-summary,request-summary.fetch,approval:report
asset,GET,/api/v1/app/asset/building/blocks/pre-requisite,blocks.preRequisite,building:manage
asset,GET,/api/v1/app/asset/building/blocks,,building:manage
asset,POST,/api/v1/app/asset/building/blocks,,building:manage
asset,GET,/api/v1/app/asset/building/blocks/{id},,building:manage
asset,PUT|PATCH,/api/v1/app/asset/building/blocks/{id},,building:manage
asset,DELETE,/api/v1/app/asset/building/blocks/{id},,building:manage
asset,GET,/api/v1/app/asset/building/floors/pre-requisite,floors.preRequisite,building:manage
asset,GET,/api/v1/app/asset/building/floors,,building:manage
asset,POST,/api/v1/app/asset/building/floors,,building:manage
asset,GET,/api/v1/app/asset/building/floors/{id},,building:manage
asset,PUT|PATCH,/api/v1/app/asset/building/floors/{id},,building:manage
asset,DELETE,/api/v1/app/asset/building/floors/{id},,building:manage
asset,GET,/api/v1/app/asset/building/rooms/pre-requisite,rooms.preRequisite,building:manage
asset,GET,/api/v1/app/asset/building/rooms,,building:manage
asset,POST,/api/v1/app/asset/building/rooms,,building:manage
asset,GET,/api/v1/app/asset/building/rooms/{id},,building:manage
asset,PUT|PATCH,/api/v1/app/asset/building/rooms/{id},,building:manage
asset,DELETE,/api/v1/app/asset/building/rooms/{id},,building:manage
blog,GET,/api/v1/app/blogs/pre-requisite,blogs.preRequisite,
blog,POST,/api/v1/app/blogs/{blog}/assets/{type},blogs.uploadAsset,
blog,DELETE,/api/v1/app/blogs/{blog}/assets/{type},blogs.removeAsset,
blog,POST,/api/v1/app/blogs/{blog}/meta,blogs.updateMeta,
blog,POST,/api/v1/app/blogs/{blog}/archive,blogs.archive,
blog,POST,/api/v1/app/blogs/{blog}/unarchive,blogs.unarchive,
blog,POST,/api/v1/app/blogs/{blog}/pin,blogs.pin,
blog,POST,/api/v1/app/blogs/{blog}/unpin,blogs.unpin,
blog,POST,/api/v1/app/blogs/archive,blogs.archiveMultiple,
blog,POST,/api/v1/app/blogs/unarchive,blogs.unarchiveMultiple,
blog,POST,/api/v1/app/blogs/delete,blogs.destroyMultiple,
blog,GET,/api/v1/app/blogs,,
blog,POST,/api/v1/app/blogs,,
blog,GET,/api/v1/app/blogs/{id},,
blog,PUT|PATCH,/api/v1/app/blogs/{id},,
blog,DELETE,/api/v1/app/blogs/{id},,
calendar,GET,/api/v1/app/calendar/holidays/pre-requisite,holidays.preRequisite,
calendar,GET,/api/v1/app/calendar/holidays,,
calendar,POST,/api/v1/app/calendar/holidays,,
calendar,GET,/api/v1/app/calendar/holidays/{id},,
calendar,PUT|PATCH,/api/v1/app/calendar/holidays/{id},,
calendar,DELETE,/api/v1/app/calendar/holidays/{id},,
calendar,GET,/api/v1/app/calendar/celebrations/pre-requisite,,
calendar,GET,/api/v1/app/calendar/celebrations,,celebration:read
calendar,GET,/api/v1/app/calendar/events/pre-requisite,,
calendar,POST,/api/v1/app/calendar/events/{event}/assets/{type},events.uploadAsset,
calendar,DELETE,/api/v1/app/calendar/events/{event}/assets/{type},events.removeAsset,
calendar,POST,/api/v1/app/calendar/events/{event}/pin,events.pin,
calendar,POST,/api/v1/app/calendar/events/{event}/unpin,events.unpin,
calendar,GET,/api/v1/app/calendar/events,,
calendar,POST,/api/v1/app/calendar/events,,
calendar,GET,/api/v1/app/calendar/events/{id},,
calendar,PUT|PATCH,/api/v1/app/calendar/events/{id},,
calendar,DELETE,/api/v1/app/calendar/events/{id},,
communication,GET,/api/v1/app/communication/announcements/pre-requisite,announcements.preRequisite,
communication,POST,/api/v1/app/communication/announcements/{announcement}/pin,announcements.pin,
communication,POST,/api/v1/app/communication/announcements/{announcement}/unpin,announcements.unpin,
communication,POST,/api/v1/app/communication/announcements/{announcement}/show-as-popup,announcements.toggleShowAsPopup,
communication,GET,/api/v1/app/communication/announcements,,
communication,POST,/api/v1/app/communication/announcements,,
communication,GET,/api/v1/app/communication/announcements/{id},,
communication,PUT|PATCH,/api/v1/app/communication/announcements/{id},,
communication,DELETE,/api/v1/app/communication/announcements/{id},,
communication,GET,/api/v1/app/communication/emails/pre-requisite,emails.preRequisite,
communication,GET,/api/v1/app/communication/emails,,
communication,POST,/api/v1/app/communication/emails,,
communication,GET,/api/v1/app/communication/emails/{id},,
communication,GET,/api/v1/app/communication/sms/pre-requisite,sms.preRequisite,
communication,GET,/api/v1/app/communication/sms,,
communication,POST,/api/v1/app/communication/sms,,
communication,GET,/api/v1/app/communication/sms/{id},,
communication,GET,/api/v1/app/communication/whatsapp/pre-requisite,whatsapp.preRequisite,
communication,GET,/api/v1/app/communication/whatsapp,,
communication,POST,/api/v1/app/communication/whatsapp,,
communication,GET,/api/v1/app/communication/whatsapp/{id},,
communication,GET,/api/v1/app/communication/push-messages/pre-requisite,push_messages.preRequisite,
communication,POST,/api/v1/app/communication/push-messages/send-test-notification,push_messages.sendTestNotification,
communication,GET,/api/v1/app/communication/push-messages,,
communication,POST,/api/v1/app/communication/push-messages,,
communication,GET,/api/v1/app/communication/push-messages/{id},,
contact,GET,/api/v1/app/contact/config/document-types,,contact:config
contact,POST,/api/v1/app/contact/config/document-types,,contact:config
contact,GET,/api/v1/app/contact/config/document-types/{id},,contact:config
contact,PUT|PATCH,/api/v1/app/contact/config/document-types/{id},,contact:config
contact,DELETE,/api/v1/app/contact/config/document-types/{id},,contact:config
contact,POST,/api/v1/app/contacts/{contact}/user/confirm,contacts.confirmUser,
contact,GET,/api/v1/app/contacts/{contact}/user,contacts.getUser,
contact,POST,/api/v1/app/contacts/{contact}/user,contacts.createUser,
contact,PATCH,/api/v1/app/contacts/{contact}/user,contacts.updateUser,
contact,POST,/api/v1/app/contacts/{contact}/photo,contacts.uploadPhoto,
contact,DELETE,/api/v1/app/contacts/{contact}/photo,contacts.removePhoto,
contact,GET,/api/v1/app/contacts/pre-requisite,contacts.preRequisite,
contact,GET,/api/v1/app/contacts,,
contact,POST,/api/v1/app/contacts,,
contact,GET,/api/v1/app/contacts/{id},,
contact,PUT|PATCH,/api/v1/app/contacts/{id},,
contact,DELETE,/api/v1/app/contacts/{id},,
device,GET,/api/v1/app/devices,,
device,POST,/api/v1/app/devices,,
device,GET,/api/v1/app/devices/{id},,
device,PUT|PATCH,/api/v1/app/devices/{id},,
device,DELETE,/api/v1/app/devices/{id},,
discipline,GET,/api/v1/app/discipline/incidents/pre-requisite,,
discipline,GET,/api/v1/app/discipline/incidents,,incident:manage
discipline,POST,/api/v1/app/discipline/incidents,,incident:manage
discipline,GET,/api/v1/app/discipline/incidents/{id},,incident:manage
discipline,PUT|PATCH,/api/v1/app/discipline/incidents/{id},,incident:manage
discipline,DELETE,/api/v1/app/discipline/incidents/{id},,incident:manage
employee,GET,/api/v1/app/employee/config/document-types,,employee:config
employee,POST,/api/v1/app/employee/config/document-types,,employee:config
employee,GET,/api/v1/app/employee/config/document-types/{id},,employee:config
employee,PUT|PATCH,/api/v1/app/employee/config/document-types/{id},,employee:config
employee,DELETE,/api/v1/app/employee/config/document-types/{id},,employee:config
employee,GET,/api/v1/app/employee/departments/pre-requisite,departments.preRequisite,
employee,POST,/api/v1/app/employee/departments/import,,department:create
employee,GET,/api/v1/app/employee/departments,,
employee,POST,/api/v1/app/employee/departments,,
employee,GET,/api/v1/app/employee/departments/{id},,
employee,PUT|PATCH,/api/v1/app/employee/departments/{id},,
employee,DELETE,/api/v1/app/employee/departments/{id},,
employee,GET,/api/v1/app/employee/designations/pre-requisite,designations.preRequisite,
employee,POST,/api/v1/app/employee/designations/import,,designation:create
employee,GET,/api/v1/app/employee/designations,,
employee,POST,/api/v1/app/employee/designations,,
employee,GET,/api/v1/app/employee/designations/{id},,
employee,PUT|PATCH,/api/v1/app/employee/designations/{id},,
employee,DELETE,/api/v1/app/employee/designations/{id},,
employee,GET,/api/v1/app/employee/leave/types/pre-requisite,types.preRequisite,leave:config
employee,GET,/api/v1/app/employee/leave/types,,leave:config
employee,POST,/api/v1/app/employee/leave/types,,leave:config
employee,GET,/api/v1/app/employee/leave/types/{id},,leave:config
employee,PUT|PATCH,/api/v1/app/employee/leave/types/{id},,leave:config
employee,DELETE,/api/v1/app/employee/leave/types/{id},,leave:config
employee,GET,/api/v1/app/employee/leave/allocations/pre-requisite,allocations.preRequisite,
employee,GET,/api/v1/app/employee/leave/allocations/{leave_allocation}/leave-requests,allocations.fetchLeaveRequests,
employee,GET,/api/v1/app/employee/leave/allocations,,
employee,POST,/api/v1/app/employee/leave/allocations,,
employee,GET,/api/v1/app/employee/leave/allocations/{id},,
employee,PUT|PATCH,/api/v1/app/employee/leave/allocations/{id},,
employee,DELETE,/api/v1/app/employee/leave/allocations/{id},,
employee,POST,/api/v1/app/employee/leave/requests/{leave_request}/undo,,
employee,POST,/api/v1/app/employee/leave/requests/{leave_request}/status,,
employee,GET,/api/v1/app/employee/leave/requests/pre-requisite,requests.preRequisite,
employee,GET,/api/v1/app/employee/leave/requests,,
employee,POST,/api/v1/app/employee/leave/requests,,
employee,GET,/api/v1/app/employee/leave/requests/{id},,
employee,PUT|PATCH,/api/v1/app/employee/leave/requests/{id},,
employee,DELETE,/api/v1/app/employee/leave/requests/{id},,
employee,GET,/api/v1/app/employee/attendance/types/pre-requisite,attendanceTypes.preRequisite,attendance:config
employee,GET,/api/v1/app/employee/attendance/types,,attendance:config
employee,POST,/api/v1/app/employee/attendance/types,,attendance:config
employee,GET,/api/v1/app/employee/attendance/types/{id},,attendance:config
employee,PUT|PATCH,/api/v1/app/employee/attendance/types/{id},,attendance:config
employee,DELETE,/api/v1/app/employee/attendance/types/{id},,attendance:config
employee,GET,/api/v1/app/employee/attendance/pre-requisite,attendances.preRequisite,
employee,GET,/api/v1/app/employee/attendance/list,attendances.list,
employee,GET,/api/v1/app/employee/attendance/fetch,attendances.fetch,
employee,POST,/api/v1/app/employee/attendance/mark,attendances.mark,
employee,GET,/api/v1/app/employee/attendance/production,attendances.fetchProduction,
employee,POST,/api/v1/app/employee/attendance/production,attendances.markProduction,
employee,GET,/api/v1/app/employee/attendance/timesheet/check,attendances.checkTimesheet,
employee,POST,/api/v1/app/employee/attendance/timesheet/clock,attendances.clockTimesheet,
employee,POST,/api/v1/app/employee/attendance/timesheet/sync,attendances.syncTimesheet,timesheet:sync
employee,POST,/api/v1/app/employee/attendance/timesheets/import,,timesheet:import
employee,GET,/api/v1/app/employee/attendance/timesheets,,
employee,POST,/api/v1/app/employee/attendance/timesheets,,
employee,GET,/api/v1/app/employee/attendance/timesheets/{id},,
employee,PUT|PATCH,/api/v1/app/employee/attendance/timesheets/{id},,
employee,DELETE,/api/v1/app/employee/attendance/timesheets/{id},,
employee,GET,/api/v1/app/employee/attendance/work-shift/assign/pre-requisite,workShifts.assign.preRequisite,
employee,GET,/api/v1/app/employee/attendance/work-shift/assign/fetch,workShifts.assign.fetch,
employee,POST,/api/v1/app/employee/attendance/work-shift/assign,workShifts.assign,
employee,GET,/api/v1/app/employee/attendance/work-shifts/pre-requisite,workShifts.preRequisite,
employee,GET,/api/v1/app/employee/attendance/work-shifts,,
employee,POST,/api/v1/app/employee/attendance/work-shifts,,
employee,GET,/api/v1/app/employee/attendance/work-shifts/{id},,
employee,PUT|PATCH,/api/v1/app/employee/attendance/work-shifts/{id},,
employee,DELETE,/api/v1/app/employee/attendance/work-shifts/{id},,
employee,GET,/api/v1/app/employee/payroll/pay-heads/pre-requisite,payHeads.preRequisite,payroll:config
employee,POST,/api/v1/app/employee/payroll/pay-heads/reorder,payHeads.reorder,payroll:config
employee,GET,/api/v1/app/employee/payroll/pay-heads,,payroll:config
employee,POST,/api/v1/app/employee/payroll/pay-heads,,payroll:config
employee,GET,/api/v1/app/employee/payroll/pay-heads/{id},,payroll:config
employee,PUT|PATCH,/api/v1/app/employee/payroll/pay-heads/{id},,payroll:config
employee,DELETE,/api/v1/app/employee/payroll/pay-heads/{id},,payroll:config
employee,GET,/api/v1/app/employee/payroll/salary-templates/pre-requisite,salaryTemplates.preRequisite,
employee,GET,/api/v1/app/employee/payroll/salary-templates,,
employee,POST,/api/v1/app/employee/payroll/salary-templates,,
employee,GET,/api/v1/app/employee/payroll/salary-templates/{id},,
employee,PUT|PATCH,/api/v1/app/employee/payroll/salary-templates/{id},,
employee,DELETE,/api/v1/app/employee/payroll/salary-templates/{id},,
employee,GET,/api/v1/app/employee/payroll/salary-structures/pre-requisite,salaryStructures.preRequisite,
employee,GET,/api/v1/app/employee/payroll/salary-structures,,
employee,POST,/api/v1/app/employee/payroll/salary-structures,,
employee,GET,/api/v1/app/employee/payroll/salary-structures/{id},,
employee,PUT|PATCH,/api/v1/app/employee/payroll/salary-structures/{id},,
employee,DELETE,/api/v1/app/employee/payroll/salary-structures/{id},,
employee,GET,/api/v1/app/employee/payrolls/fetch,payrolls.fetch,
employee,POST,/api/v1/app/employee/payrolls/process,payrolls.bulkProcess,
employee,POST,/api/v1/app/employee/payrolls/{payroll}/process,payrolls.process,
employee,GET,/api/v1/app/employee/payrolls/pre-requisite,payrolls.preRequisite,
employee,POST,/api/v1/app/employee/payrolls/delete,,
employee,GET,/api/v1/app/employee/payrolls,,
employee,POST,/api/v1/app/employee/payrolls,,
employee,GET,/api/v1/app/employee/payrolls/{id},,
employee,PUT|PATCH,/api/v1/app/employee/payrolls/{id},,
employee,DELETE,/api/v1/app/employee/payrolls/{id},,
employee,GET,/api/v1/app/employee/edit-requests/pre-requisite,edit-requests.preRequisite,
employee,POST,/api/v1/app/employee/edit-requests/{edit_request}/action,,
employee,GET,/api/v1/app/employee/edit-requests,,
employee,GET,/api/v1/app/employee/edit-requests/{id},,
employee,GET,/api/v1/app/employee/documents/pre-requisite,documents.preRequisite,employee:read
employee,GET,/api/v1/app/employee/documents,,employee:read
employee,POST,/api/v1/app/employee/documents,,employee:read
employee,GET,/api/v1/app/employee/documents/{id},,employee:read
employee,PUT|PATCH,/api/v1/app/employee/documents/{id},,employee:read
employee,DELETE,/api/v1/app/employee/documents/{id},,employee:read
employee,POST,/api/v1/app/employee/documents/import,documents.import,employee:edit
employee,GET,/api/v1/app/employee/accounts/pre-requisite,accounts.preRequisite,employee:read
employee,GET,/api/v1/app/employee/accounts,,employee:read
employee,POST,/api/v1/app/employee/accounts,,employee:read
employee,GET,/api/v1/app/employee/accounts/{id},,employee:read
employee,PUT|PATCH,/api/v1/app/employee/accounts/{id},,employee:read
employee,DELETE,/api/v1/app/employee/accounts/{id},,employee:read
employee,POST,/api/v1/app/employee/accounts/import,accounts.import,employee:edit
employee,GET,/api/v1/app/employee/qualifications/pre-requisite,qualifications.preRequisite,employee:read
employee,GET,/api/v1/app/employee/qualifications,,employee:read
employee,POST,/api/v1/app/employee/qualifications,,employee:read
employee,GET,/api/v1/app/employee/qualifications/{id},,employee:read
employee,PUT|PATCH,/api/v1/app/employee/qualifications/{id},,employee:read
employee,DELETE,/api/v1/app/employee/qualifications/{id},,employee:read
employee,POST,/api/v1/app/employee/qualifications/import,qualifications.import,employee:edit
employee,GET,/api/v1/app/employee/experiences/pre-requisite,experiences.preRequisite,employee:read
employee,GET,/api/v1/app/employee/experiences,,employee:read
employee,POST,/api/v1/app/employee/experiences,,employee:read
employee,GET,/api/v1/app/employee/experiences/{id},,employee:read
employee,PUT|PATCH,/api/v1/app/employee/experiences/{id},,employee:read
employee,DELETE,/api/v1/app/employee/experiences/{id},,employee:read
employee,POST,/api/v1/app/employee/experiences/import,experiences.import,employee:edit
employee,POST,/api/v1/app/employees/{employee}/user/confirm,employees.confirmUser,employee:read
employee,GET,/api/v1/app/employees/{employee}/user,employees.getUser,employee:read
employee,POST,/api/v1/app/employees/{employee}/user,employees.createUser,employee:read
employee,PATCH,/api/v1/app/employees/{employee}/user,employees.updateUser,employee:read
employee,POST,/api/v1/app/employees/{employee}/period,employees.updateCurrentPeriod,employee:read
employee,POST,/api/v1/app/employees/{employee}/photo,employees.uploadPhoto,employee:read
employee,DELETE,/api/v1/app/employees/{employee}/photo,employees.removePhoto,employee:read
employee,GET,/api/v1/app/employees/{employee}/records/pre-requisite,employees.records.preRequisite,employee:read
employee,GET,/api/v1/app/employees.records,,employee:read
employee,POST,/api/v1/app/employees.records,,employee:read
employee,GET,/api/v1/app/employees.records/{id},,employee:read
employee,PUT|PATCH,/api/v1/app/employees.records/{id},,employee:read
employee,DELETE,/api/v1/app/employees.records/{id},,employee:read
employee,GET,/api/v1/app/employees.incharges,,employee:read
employee,GET,/api/v1/app/employees/{employee}/work-shifts/pre-requisite,employees.work-shifts.preRequisite,employee:read
employee,GET,/api/v1/app/employees.work-shifts,,employee:read
employee,POST,/api/v1/app/employees.work-shifts,,employee:read
employee,GET,/api/v1/app/employees.work-shifts/{id},,employee:read
employee,PUT|PATCH,/api/v1/app/employees.work-shifts/{id},,employee:read
employee,DELETE,/api/v1/app/employees.work-shifts/{id},,employee:read
employee,GET,/api/v1/app/employees/{employee}/qualifications/pre-requisite,employees.qualifications.preRequisite,employee:read
employee,POST,/api/v1/app/employees/{employee}/qualifications/{qualification}/action,,employee:read
employee,GET,/api/v1/app/employees.qualifications,,employee:read
employee,POST,/api/v1/app/employees.qualifications,,employee:read
employee,GET,/api/v1/app/employees.qualifications/{id},,employee:read
employee,PUT|PATCH,/api/v1/app/employees.qualifications/{id},,employee:read
employee,DELETE,/api/v1/app/employees.qualifications/{id},,employee:read
employee,GET,/api/v1/app/employees/{employee}/dialogues/pre-requisite,employees.dialogues.preRequisite,employee:dialogue
employee,GET,/api/v1/app/employees.dialogues,,employee:dialogue
employee,POST,/api/v1/app/employees.dialogues,,employee:dialogue
employee,GET,/api/v1/app/employees.dialogues/{id},,employee:dialogue
employee,PUT|PATCH,/api/v1/app/employees.dialogues/{id},,employee:dialogue
employee,DELETE,/api/v1/app/employees.dialogues/{id},,employee:dialogue
employee,GET,/api/v1/app/employees/{employee}/accounts/pre-requisite,employees.accounts.preRequisite,employee:read
employee,POST,/api/v1/app/employees/{employee}/accounts/{account}/action,,employee:read
employee,POST,/api/v1/app/employees/{employee}/accounts/{account}/make-primary,employees.accounts.makePrimary,employee:read
employee,GET,/api/v1/app/employees.accounts,,employee:read
employee,POST,/api/v1/app/employees.accounts,,employee:read
employee,GET,/api/v1/app/employees.accounts/{id},,employee:read
employee,PUT|PATCH,/api/v1/app/employees.accounts/{id},,employee:read
employee,DELETE,/api/v1/app/employees.accounts/{id},,employee:read
employee,GET,/api/v1/app/employees/{employee}/documents/pre-requisite,employees.documents.preRequisite,employee:read
employee,POST,/api/v1/app/employees/{employee}/documents/{document}/action,,employee:read
employee,GET,/api/v1/app/employees.documents,,employee:read
employee,POST,/api/v1/app/employees.documents,,employee:read
employee,GET,/api/v1/app/employees.documents/{id},,employee:read
employee,PUT|PATCH,/api/v1/app/employees.documents/{id},,employee:read
employee,DELETE,/api/v1/app/employees.documents/{id},,employee:read
employee,GET,/api/v1/app/employees/{employee}/experiences/pre-requisite,employees.experiences.preRequisite,employee:read
employee,POST,/api/v1/app/employees/{employee}/experiences/{experience}/action,,employee:read
employee,GET,/api/v1/app/employees.experiences,,employee:read
employee,POST,/api/v1/app/employees.experiences,,employee:read
employee,GET,/api/v1/app/employees.experiences/{id},,employee:read
employee,PUT|PATCH,/api/v1/app/employees.experiences/{id},,employee:read
employee,DELETE,/api/v1/app/employees.experiences/{id},,employee:read
employee,POST,/api/v1/app/employees/{employee}/tags,employees.tags,employee:read
employee,GET,/api/v1/app/employees/pre-requisite,employees.preRequisite,employee:read
employee,GET,/api/v1/app/employees/list,employees.list,employee:read
employee,POST,/api/v1/app/employees/import,employees.import,employee:create
employee,GET,/api/v1/app/employees/{employee}/edit-requests,employees.editRequests.index,employee:read
employee,POST,/api/v1/app/employees/{employee}/edit-requests,employees.editRequests.store,employee:read
employee,GET,/api/v1/app/employees/{employee}/edit-requests/{uuid},employees.editRequests.show,employee:read
employee,POST,/api/v1/app/employees/tags,employees.updateBulkTags,employee:read
employee,POST,/api/v1/app/employees/groups,employees.updateBulkGroups,employee:read
employee,GET,/api/v1/app/employees,,employee:read
employee,POST,/api/v1/app/employees,,employee:read
employee,GET,/api/v1/app/employees/{id},,employee:read
employee,PUT|PATCH,/api/v1/app/employees/{id},,employee:read
employee,DELETE,/api/v1/app/employees/{id},,employee:read
exam,GET,/api/v1/app/exam/grades/pre-requisite,grades.preRequisite,exam-grade:manage
exam,GET,/api/v1/app/exam/grades,,exam-grade:manage
exam,POST,/api/v1/app/exam/grades,,exam-grade:manage
exam,GET,/api/v1/app/exam/grades/{id},,exam-grade:manage
exam,PUT|PATCH,/api/v1/app/exam/grades/{id},,exam-grade:manage
exam,DELETE,/api/v1/app/exam/grades/{id},,exam-grade:manage
exam,GET,/api/v1/app/exam/assessments/pre-requisite,assessments.preRequisite,exam-assessment:manage
exam,GET,/api/v1/app/exam/assessments,,exam-assessment:manage
exam,POST,/api/v1/app/exam/assessments,,exam-assessment:manage
exam,GET,/api/v1/app/exam/assessments/{id},,exam-assessment:manage
exam,PUT|PATCH,/api/v1/app/exam/assessments/{id},,exam-assessment:manage
exam,DELETE,/api/v1/app/exam/assessments/{id},,exam-assessment:manage
exam,GET,/api/v1/app/exam/observations/pre-requisite,observations.preRequisite,exam-observation:manage
exam,GET,/api/v1/app/exam/observations,,exam-observation:manage
exam,POST,/api/v1/app/exam/observations,,exam-observation:manage
exam,GET,/api/v1/app/exam/observations/{id},,exam-observation:manage
exam,PUT|PATCH,/api/v1/app/exam/observations/{id},,exam-observation:manage
exam,DELETE,/api/v1/app/exam/observations/{id},,exam-observation:manage
exam,GET,/api/v1/app/exam/competencies/pre-requisite,competencies.preRequisite,exam-competency:manage
exam,GET,/api/v1/app/exam/competencies,,exam-competency:manage
exam,POST,/api/v1/app/exam/competencies,,exam-competency:manage
exam,GET,/api/v1/app/exam/competencies/{id},,exam-competency:manage
exam,PUT|PATCH,/api/v1/app/exam/competencies/{id},,exam-competency:manage
exam,DELETE,/api/v1/app/exam/competencies/{id},,exam-competency:manage
exam,GET,/api/v1/app/exam/terms/pre-requisite,terms.preRequisite,exam-term:manage
exam,POST,/api/v1/app/exam/terms/reorder,terms.reorder,
exam,GET,/api/v1/app/exam/terms,,exam-term:manage
exam,POST,/api/v1/app/exam/terms,,exam-term:manage
exam,GET,/api/v1/app/exam/terms/{id},,exam-term:manage
exam,PUT|PATCH,/api/v1/app/exam/terms/{id},,exam-term:manage
exam,DELETE,/api/v1/app/exam/terms/{id},,exam-term:manage
exam,GET,/api/v1/app/exam/schedules/pre-requisite,schedules.preRequisite,
exam,PATCH,/api/v1/app/exam/schedules/{schedule}/toggle-publish-admit-card,exams.togglePublishAdmitCard,
exam,PATCH,/api/v1/app/exam/schedules/{schedule}/form,schedules.updateForm,
exam,POST,/api/v1/app/exam/schedules/{schedule}/form/confirm,schedules.confirmForm,
exam,POST,/api/v1/app/exam/schedules/{schedule}/form,schedules.submitForm,
exam,POST,/api/v1/app/exam/schedules/{schedule}/copy,schedules.copyToCourse,
exam,POST,/api/v1/app/exam/schedules/{schedule}/config,schedules.storeConfig,
exam,POST,/api/v1/app/exam/schedules/{schedule}/unlock-temporarily/{uuid},schedules.unlockRecordTemporarily,
exam,POST,/api/v1/app/exam/schedules/{schedule}/unlock-temporarily,schedules.unlockTemporarily,
exam,GET,/api/v1/app/exam/schedules,,
exam,POST,/api/v1/app/exam/schedules,,
exam,GET,/api/v1/app/exam/schedules/{id},,
exam,PUT|PATCH,/api/v1/app/exam/schedules/{id},,
exam,DELETE,/api/v1/app/exam/schedules/{id},,
exam,GET,/api/v1/app/exam/online-exams/pre-requisite,online-exams.preRequisite,
exam,GET,/api/v1/app/exam/online-exams/{onlineExam}/questions/pre-requisite,online-exams.questions.preRequisite,
exam,POST,/api/v1/app/exam/online-exams/{onlineExam}/questions/reorder,online-exams.questions.reorder,
exam,GET,/api/v1/app/exam/online-exams.questions,,
exam,POST,/api/v1/app/exam/online-exams.questions,,
exam,GET,/api/v1/app/exam/online-exams.questions/{id},,
exam,PUT|PATCH,/api/v1/app/exam/online-exams.questions/{id},,
exam,DELETE,/api/v1/app/exam/online-exams.questions/{id},,
exam,GET,/api/v1/app/exam/online-exams/{onlineExam}/submissions/{submission}/questions,online-exams.submissions.getQuestions,
exam,POST,/api/v1/app/exam/online-exams/{onlineExam}/submissions/{submission}/evaluate,online-exams.submissions.evaluate,
exam,GET,/api/v1/app/exam/online-exams.submissions,,
exam,DELETE,/api/v1/app/exam/online-exams.submissions/{id},,
exam,GET,/api/v1/app/exam/online-exams/{onlineExam}/live-questions,online-exams.submit.getQuestions,
exam,POST,/api/v1/app/exam/online-exams/{onlineExam}/start,online-exams.submit.start,
exam,POST,/api/v1/app/exam/online-exams/{onlineExam}/submit,online-exams.submit,
exam,POST,/api/v1/app/exam/online-exams/{onlineExam}/finish-submit,online-exams.submit.finish,
exam,POST,/api/v1/app/exam/online-exams/{onlineExam}/status,online-exams.updateStatus,
exam,GET,/api/v1/app/exam/online-exams,,
exam,POST,/api/v1/app/exam/online-exams,,
exam,GET,/api/v1/app/exam/online-exams/{id},,
exam,PUT|PATCH,/api/v1/app/exam/online-exams/{id},,
exam,DELETE,/api/v1/app/exam/online-exams/{id},,
exam,GET,/api/v1/app/exam/forms/pre-requisite,forms.preRequisite,
exam,POST,/api/v1/app/exam/forms/{form}/status,forms.updateStatus,
exam,GET,/api/v1/app/exam/forms/{form}/print,forms.print,
exam,GET,/api/v1/app/exam/forms/{form}/print-admit-card,forms.printAdmitCard,
exam,GET,/api/v1/app/exam/forms,,
exam,GET,/api/v1/app/exam/forms/{id},,
exam,DELETE,/api/v1/app/exam/forms/{id},,
exam,GET,/api/v1/app/exam/mark/pre-requisite,mark.preRequisite,
exam,GET,/api/v1/app/exam/mark/fetch,mark.fetch,
exam,POST,/api/v1/app/exam/mark,mark.store,
exam,DELETE,/api/v1/app/exam/mark,mark.remove,
exam,GET,/api/v1/app/exam/observation-mark/pre-requisite,observation-mark.preRequisite,
exam,GET,/api/v1/app/exam/observation-mark/fetch,observation-mark.fetch,
exam,POST,/api/v1/app/exam/observation-mark,observation-mark.store,
exam,DELETE,/api/v1/app/exam/observation-mark,observation-mark.remove,
exam,GET,/api/v1/app/exam/competency-evaluation/pre-requisite,competency-evaluation.preRequisite,
exam,GET,/api/v1/app/exam/competency-evaluation/fetch,competency-evaluation.fetch,
exam,POST,/api/v1/app/exam/competency-evaluation,competency-evaluation.store,
exam,DELETE,/api/v1/app/exam/competency-evaluation,competency-evaluation.remove,
exam,GET,/api/v1/app/exam/comment/pre-requisite,comment.preRequisite,
exam,GET,/api/v1/app/exam/comment/fetch,comment.fetch,
exam,POST,/api/v1/app/exam/comment,comment.store,
exam,DELETE,/api/v1/app/exam/comment,comment.remove,
exam,GET,/api/v1/app/exam/attendance/pre-requisite,attendance.preRequisite,
exam,GET,/api/v1/app/exam/attendance/fetch,attendance.fetch,
exam,POST,/api/v1/app/exam/attendance,attendance.store,
exam,DELETE,/api/v1/app/exam/attendance,attendance.remove,
exam,GET,/api/v1/app/exam/admit-card/pre-requisite,admit-card.preRequisite,exam-admit-card:access
exam,GET,/api/v1/app/exam/admit-card,admit-card.fetchReport,exam-admit-card:access
exam,GET,/api/v1/app/exam/marksheet/pre-requisite,marksheet.preRequisite,exam-marksheet:access
exam,GET,/api/v1/app/exam/marksheet,marksheet.fetchReport,exam-marksheet:access
exam,GET,/api/v1/app/exam/marksheet/process/pre-requisite,marksheet.process.preRequisite,exam-marksheet:access
exam,GET,/api/v1/app/exam/marksheet/process,marksheet.process,exam-marksheet:access
exam,GET,/api/v1/app/exam/marksheet/print/pre-requisite,marksheet.print.preRequisite,exam-marksheet:access
exam,GET,/api/v1/app/exam/marksheet/print,marksheet.print,exam-marksheet:access
exam,GET,/api/v1/app/exam/reports/mark-summary/pre-requisite,mark-summary.preRequisite,exam:report
exam,GET,/api/v1/app/exam/reports/mark-summary,mark-summary.fetchReport,exam:report
exam,GET,/api/v1/app/exam/reports/exam-summary/pre-requisite,exam-summary.preRequisite,exam:report
exam,GET,/api/v1/app/exam/reports/exam-summary,exam-summary.fetchReport,exam:report
exam,GET,/api/v1/app/exams/pre-requisite,exams.preRequisite,exam:manage
exam,POST,/api/v1/app/exams/{exam}/config,exams.storeConfig,exam:manage
exam,POST,/api/v1/app/exams/reorder,exams.reorder,exam:manage
exam,POST,/api/v1/app/exams/{exam}/signatures/{type},exams.uploadSignature,exam:manage
exam,DELETE,/api/v1/app/exams/{exam}/signatures/{type},exams.removeSignature,exam:manage
exam,GET,/api/v1/app/exams,,exam:manage
exam,POST,/api/v1/app/exams,,exam:manage
exam,GET,/api/v1/app/exams/{id},,exam:manage
exam,PUT|PATCH,/api/v1/app/exams/{id},,exam:manage
exam,DELETE,/api/v1/app/exams/{id},,exam:manage
finance,GET,/api/v1/app/finance/payment-methods/pre-requisite,,finance:config
finance,GET,/api/v1/app/finance/payment-methods,,finance:config
finance,POST,/api/v1/app/finance/payment-methods,,finance:config
finance,GET,/api/v1/app/finance/payment-methods/{id},,finance:config
finance,PUT|PATCH,/api/v1/app/finance/payment-methods/{id},,finance:config
finance,DELETE,/api/v1/app/finance/payment-methods/{id},,finance:config
finance,GET,/api/v1/app/finance/ledger-types/pre-requisite,ledger-types.preRequisite,
finance,GET,/api/v1/app/finance/ledger-types,,
finance,POST,/api/v1/app/finance/ledger-types,,
finance,GET,/api/v1/app/finance/ledger-types/{id},,
finance,PUT|PATCH,/api/v1/app/finance/ledger-types/{id},,
finance,DELETE,/api/v1/app/finance/ledger-types/{id},,
finance,GET,/api/v1/app/finance/taxes/pre-requisite,taxes.preRequisite,
finance,GET,/api/v1/app/finance/taxes,,
finance,POST,/api/v1/app/finance/taxes,,
finance,GET,/api/v1/app/finance/taxes/{id},,
finance,PUT|PATCH,/api/v1/app/finance/taxes/{id},,
finance,DELETE,/api/v1/app/finance/taxes/{id},,
finance,GET,/api/v1/app/finance/ledgers/pre-requisite,ledgers.preRequisite,
finance,GET,/api/v1/app/finance/ledgers,,
finance,POST,/api/v1/app/finance/ledgers,,
finance,GET,/api/v1/app/finance/ledgers/{id},,
finance,PUT|PATCH,/api/v1/app/finance/ledgers/{id},,
finance,DELETE,/api/v1/app/finance/ledgers/{id},,
finance,GET,/api/v1/app/finance/transactions/pre-requisite,transactions.preRequisite,
finance,POST,/api/v1/app/finance/transactions/{transaction}/clearing-date,transactions.updateClearingDate,
finance,POST,/api/v1/app/finance/transactions/import,,transaction:create
finance,GET,/api/v1/app/finance/transactions,,
finance,POST,/api/v1/app/finance/transactions,,
finance,GET,/api/v1/app/finance/transactions/{id},,
finance,PUT|PATCH,/api/v1/app/finance/transactions/{id},,
finance,DELETE,/api/v1/app/finance/transactions/{id},,
finance,GET,/api/v1/app/finance/receipts/pre-requisite,receipts.preRequisite,
finance,GET,/api/v1/app/finance/receipts,,
finance,POST,/api/v1/app/finance/receipts,,
finance,GET,/api/v1/app/finance/receipts/{id},,
finance,PUT|PATCH,/api/v1/app/finance/receipts/{id},,
finance,DELETE,/api/v1/app/finance/receipts/{id},,
finance,POST,/api/v1/app/finance/day-closure,day-closure,transaction:read
finance,GET,/api/v1/app/finance/day-closures/pre-requisite,day-closures.preRequisite,
finance,POST,/api/v1/app/finance/day-closures/date-wise-collection,day-closures.getDateWiseCollection,
finance,GET,/api/v1/app/finance/day-closures,,
finance,POST,/api/v1/app/finance/day-closures,,
finance,GET,/api/v1/app/finance/day-closures/{id},,
finance,PUT|PATCH,/api/v1/app/finance/day-closures/{id},,
finance,DELETE,/api/v1/app/finance/day-closures/{id},,
finance,GET,/api/v1/app/finance/fee-groups/pre-requisite,fee-groups.preRequisite,
finance,GET,/api/v1/app/finance/fee-groups,,
finance,POST,/api/v1/app/finance/fee-groups,,
finance,GET,/api/v1/app/finance/fee-groups/{id},,
finance,PUT|PATCH,/api/v1/app/finance/fee-groups/{id},,
finance,DELETE,/api/v1/app/finance/fee-groups/{id},,
finance,GET,/api/v1/app/finance/fee-components/pre-requisite,fee-components.preRequisite,
finance,GET,/api/v1/app/finance/fee-components,,
finance,POST,/api/v1/app/finance/fee-components,,
finance,GET,/api/v1/app/finance/fee-components/{id},,
finance,PUT|PATCH,/api/v1/app/finance/fee-components/{id},,
finance,DELETE,/api/v1/app/finance/fee-components/{id},,
finance,GET,/api/v1/app/finance/fee-heads/pre-requisite,fee-heads.preRequisite,
finance,GET,/api/v1/app/finance/fee-heads,,
finance,POST,/api/v1/app/finance/fee-heads,,
finance,GET,/api/v1/app/finance/fee-heads/{id},,
finance,PUT|PATCH,/api/v1/app/finance/fee-heads/{id},,
finance,DELETE,/api/v1/app/finance/fee-heads/{id},,
finance,GET,/api/v1/app/finance/fee-concessions/pre-requisite,fee-concessions.preRequisite,
finance,GET,/api/v1/app/finance/fee-concessions,,
finance,POST,/api/v1/app/finance/fee-concessions,,
finance,GET,/api/v1/app/finance/fee-concessions/{id},,
finance,PUT|PATCH,/api/v1/app/finance/fee-concessions/{id},,
finance,DELETE,/api/v1/app/finance/fee-concessions/{id},,
finance,GET,/api/v1/app/finance/fee-structures/pre-requisite,fee-structures.preRequisite,
finance,POST,/api/v1/app/finance/fee-structures/{fee_structure}/allocation,,
finance,DELETE,/api/v1/app/finance/fee-structures/{fee_structure}/allocations/{allocation},,
finance,POST,/api/v1/app/finance/fee-structures/{fee_structure}/installments,,
finance,GET,/api/v1/app/finance/fee-structures/{fee_structure}/installments/{uuid},,
finance,PATCH,/api/v1/app/finance/fee-structures/{fee_structure}/installments/{uuid},,
finance,DELETE,/api/v1/app/finance/fee-structures/{fee_structure}/installments/{uuid},,
finance,GET,/api/v1/app/finance/fee-structures/{fee_structure}/optional-fee-heads,fee-structures.getOptionalFeeHeads,
finance,GET,/api/v1/app/finance/fee-structures,,
finance,POST,/api/v1/app/finance/fee-structures,,
finance,GET,/api/v1/app/finance/fee-structures/{id},,
finance,PUT|PATCH,/api/v1/app/finance/fee-structures/{id},,
finance,DELETE,/api/v1/app/finance/fee-structures/{id},,
finance,GET,/api/v1/app/finance/fee-structure-components/pre-requisite,fee-structure-components.preRequisite,
finance,GET,/api/v1/app/finance/fee-structure-components,,
finance,POST,/api/v1/app/finance/fee-structure-components,,
finance,GET,/api/v1/app/finance/fee-structure-components/{id},,
finance,PUT|PATCH,/api/v1/app/finance/fee-structure-components/{id},,
finance,DELETE,/api/v1/app/finance/fee-structure-components/{id},,
finance,GET,/api/v1/app/finance/reports/day-book/pre-requisite,day-book.preRequisite,transaction:read
finance,GET,/api/v1/app/finance/reports/day-book,day-book.fetch,transaction:read
finance,GET,/api/v1/app/finance/reports/fee-payment/pre-requisite,fee-payment.preRequisite,transaction:read
finance,GET,/api/v1/app/finance/reports/fee-payment,fee-payment.fetch,transaction:read
finance,GET,/api/v1/app/finance/reports/online-fee-payment/pre-requisite,online-fee-payment.preRequisite,transaction:read
finance,GET,/api/v1/app/finance/reports/online-fee-payment,online-fee-payment.fetch,transaction:read
finance,GET,/api/v1/app/finance/reports/bank-transfer/pre-requisite,bank-transfer.preRequisite,transaction:read
finance,GET,/api/v1/app/finance/reports/bank-transfer,bank-transfer.fetch,transaction:read
finance,GET,/api/v1/app/finance/reports/fee-refund/pre-requisite,fee-refund.preRequisite,transaction:read
finance,GET,/api/v1/app/finance/reports/fee-refund,fee-refund.fetch,transaction:read
finance,GET,/api/v1/app/finance/reports/fee-summary/pre-requisite,fee-summary.preRequisite,finance:report
finance,GET,/api/v1/app/finance/reports/fee-summary,fee-summary.fetch,finance:report
finance,GET,/api/v1/app/finance/reports/fee-concession/pre-requisite,fee-concession.preRequisite,finance:report
finance,GET,/api/v1/app/finance/reports/fee-concession,fee-concession.fetch,finance:report
finance,GET,/api/v1/app/finance/reports/fee-concession-summary/pre-requisite,fee-concession-summary.preRequisite,finance:report
finance,GET,/api/v1/app/finance/reports/fee-concession-summary,fee-concession-summary.fetch,finance:report
finance,GET,/api/v1/app/finance/reports/installment-wise-fee-due/pre-requisite,installment-wise-fee-due.preRequisite,finance:report
finance,GET,/api/v1/app/finance/reports/installment-wise-fee-due,installment-wise-fee-due.fetch,finance:report
finance,GET,/api/v1/app/finance/reports/fee-due/pre-requisite,fee-due.preRequisite,finance:report
finance,GET,/api/v1/app/finance/reports/fee-due,fee-due.fetch,finance:report
finance,GET,/api/v1/app/finance/reports/fee-head/pre-requisite,fee-head.preRequisite,finance:report
finance,GET,/api/v1/app/finance/reports/fee-head,fee-head.fetch,finance:report
finance,GET,/api/v1/app/finance/reports/head-wise-fee-payment/pre-requisite,head-wise-fee-payment.preRequisite,finance:report
finance,GET,/api/v1/app/finance/reports/head-wise-fee-payment,head-wise-fee-payment.fetch,finance:report
finance,GET,/api/v1/app/finance/reports/payment-method-wise-fee-payment/pre-requisite,payment-method-wise-fee-payment.preRequisite,finance:report
finance,GET,/api/v1/app/finance/reports/payment-method-wise-fee-payment,payment-method-wise-fee-payment.fetch,finance:report
form,GET,/api/v1/app/forms/pre-requisite,forms.preRequisite,
form,POST,/api/v1/app/forms/{form}/status,forms.updateStatus,
form,GET,/api/v1/app/forms/{form}/detail,forms.detail,
form,POST,/api/v1/app/forms/{form}/submit,forms.submit,
form,GET,/api/v1/app/forms.submissions,,form-submission:manage
form,GET,/api/v1/app/forms.submissions/{id},,form-submission:manage
form,DELETE,/api/v1/app/forms.submissions/{id},,form-submission:manage
form,GET,/api/v1/app/forms,,
form,POST,/api/v1/app/forms,,
form,GET,/api/v1/app/forms/{id},,
form,PUT|PATCH,/api/v1/app/forms/{id},,
form,DELETE,/api/v1/app/forms/{id},,
gallery,GET,/api/v1/app/galleries/pre-requisite,galleries.preRequisite,
gallery,POST,/api/v1/app/galleries/{gallery}/upload,galleries.upload,
gallery,POST,/api/v1/app/galleries/{gallery}/images/{image}/cover,galleries.makeCover,
gallery,DELETE,/api/v1/app/galleries/{gallery}/images/{image},galleries.deleteImage,
gallery,GET,/api/v1/app/galleries,,
gallery,POST,/api/v1/app/galleries,,
gallery,GET,/api/v1/app/galleries/{id},,
gallery,PUT|PATCH,/api/v1/app/galleries/{id},,
gallery,DELETE,/api/v1/app/galleries/{id},,
guardian,POST,/api/v1/app/guardians/{guardian}/user/confirm,guardians.confirmUser,
guardian,GET,/api/v1/app/guardians/{guardian}/user,guardians.getUser,
guardian,POST,/api/v1/app/guardians/{guardian}/user,guardians.createUser,
guardian,PATCH,/api/v1/app/guardians/{guardian}/user,guardians.updateUser,
guardian,POST,/api/v1/app/guardians/{guardian}/period,guardians.updateCurrentPeriod,
guardian,POST,/api/v1/app/guardians/{guardian}/photo,guardians.uploadPhoto,
guardian,DELETE,/api/v1/app/guardians/{guardian}/photo,guardians.removePhoto,
guardian,GET,/api/v1/app/guardians/pre-requisite,guardians.preRequisite,
guardian,POST,/api/v1/app/guardians/import,,guardian:create
guardian,GET,/api/v1/app/guardians,,
guardian,GET,/api/v1/app/guardians/{id},,
guardian,PUT|PATCH,/api/v1/app/guardians/{id},,
guardian,DELETE,/api/v1/app/guardians/{id},,
helpdesk,GET,/api/v1/app/helpdesk/faqs/pre-requisite,faqs.preRequisite,
helpdesk,POST,/api/v1/app/helpdesk/faqs/delete,faqs.destroyMultiple,
helpdesk,GET,/api/v1/app/helpdesk/faqs,,
helpdesk,POST,/api/v1/app/helpdesk/faqs,,
helpdesk,GET,/api/v1/app/helpdesk/faqs/{id},,
helpdesk,PUT|PATCH,/api/v1/app/helpdesk/faqs/{id},,
helpdesk,DELETE,/api/v1/app/helpdesk/faqs/{id},,
helpdesk,GET,/api/v1/app/helpdesk/tickets/pre-requisite,tickets.preRequisite,
helpdesk,POST,/api/v1/app/helpdesk/tickets/delete,tickets.destroyMultiple,
helpdesk,POST,/api/v1/app/helpdesk/tickets/{ticket}/assign,,
helpdesk,POST,/api/v1/app/helpdesk/tickets/{ticket}/unassign/{employee},,
helpdesk,POST,/api/v1/app/helpdesk/tickets/assign,tickets.updateBulkAssignTo,
helpdesk,POST,/api/v1/app/helpdesk/tickets/category,tickets.updateBulkCategory,
helpdesk,POST,/api/v1/app/helpdesk/tickets/priority,tickets.updateBulkPriority,
helpdesk,POST,/api/v1/app/helpdesk/tickets/{ticket}/messages,,
helpdesk,POST,/api/v1/app/helpdesk/tickets/{ticket}/messages/{message},,
helpdesk,GET,/api/v1/app/helpdesk/tickets,,
helpdesk,POST,/api/v1/app/helpdesk/tickets,,
helpdesk,GET,/api/v1/app/helpdesk/tickets/{id},,
helpdesk,PUT|PATCH,/api/v1/app/helpdesk/tickets/{id},,
helpdesk,DELETE,/api/v1/app/helpdesk/tickets/{id},,
hostel,GET,/api/v1/app/hostel/blocks/pre-requisite,blocks.preRequisite,hostel:manage
hostel,GET,/api/v1/app/hostel/blocks,,hostel:manage
hostel,POST,/api/v1/app/hostel/blocks,,hostel:manage
hostel,GET,/api/v1/app/hostel/blocks/{id},,hostel:manage
hostel,PUT|PATCH,/api/v1/app/hostel/blocks/{id},,hostel:manage
hostel,DELETE,/api/v1/app/hostel/blocks/{id},,hostel:manage
hostel,GET,/api/v1/app/hostel/block-incharges/pre-requisite,block-incharges.preRequisite,hostel:manage
hostel,GET,/api/v1/app/hostel/block-incharges,,hostel:manage
hostel,POST,/api/v1/app/hostel/block-incharges,,hostel:manage
hostel,GET,/api/v1/app/hostel/block-incharges/{id},,hostel:manage
hostel,PUT|PATCH,/api/v1/app/hostel/block-incharges/{id},,hostel:manage
hostel,DELETE,/api/v1/app/hostel/block-incharges/{id},,hostel:manage
hostel,GET,/api/v1/app/hostel/floors/pre-requisite,floors.preRequisite,hostel:manage
hostel,GET,/api/v1/app/hostel/floors,,hostel:manage
hostel,POST,/api/v1/app/hostel/floors,,hostel:manage
hostel,GET,/api/v1/app/hostel/floors/{id},,hostel:manage
hostel,PUT|PATCH,/api/v1/app/hostel/floors/{id},,hostel:manage
hostel,DELETE,/api/v1/app/hostel/floors/{id},,hostel:manage
hostel,GET,/api/v1/app/hostel/rooms/pre-requisite,rooms.preRequisite,hostel:manage
hostel,GET,/api/v1/app/hostel/rooms,,hostel:manage
hostel,POST,/api/v1/app/hostel/rooms,,hostel:manage
hostel,GET,/api/v1/app/hostel/rooms/{id},,hostel:manage
hostel,PUT|PATCH,/api/v1/app/hostel/rooms/{id},,hostel:manage
hostel,DELETE,/api/v1/app/hostel/rooms/{id},,hostel:manage
hostel,GET,/api/v1/app/hostel/room-allocations/pre-requisite,room-allocations.preRequisite,hostel:manage
hostel,GET,/api/v1/app/hostel/room-allocations,,hostel:manage
hostel,POST,/api/v1/app/hostel/room-allocations,,hostel:manage
hostel,GET,/api/v1/app/hostel/room-allocations/{id},,hostel:manage
hostel,PUT|PATCH,/api/v1/app/hostel/room-allocations/{id},,hostel:manage
hostel,DELETE,/api/v1/app/hostel/room-allocations/{id},,hostel:manage
inventory,GET,/api/v1/app/inventories/pre-requisite,,inventory:config
inventory,GET,/api/v1/app/inventories,,inventory:config
inventory,POST,/api/v1/app/inventories,,inventory:config
inventory,GET,/api/v1/app/inventories/{id},,inventory:config
inventory,PUT|PATCH,/api/v1/app/inventories/{id},,inventory:config
inventory,DELETE,/api/v1/app/inventories/{id},,inventory:config
inventory,GET,/api/v1/app/inventory/incharges/pre-requisite,incharges.preRequisite,inventory:config
inventory,GET,/api/v1/app/inventory/incharges,,inventory:config
inventory,POST,/api/v1/app/inventory/incharges,,inventory:config
inventory,GET,/api/v1/app/inventory/incharges/{id},,inventory:config
inventory,PUT|PATCH,/api/v1/app/inventory/incharges/{id},,inventory:config
inventory,DELETE,/api/v1/app/inventory/incharges/{id},,inventory:config
inventory,GET,/api/v1/app/inventory/vendors/pre-requisite,,
inventory,GET,/api/v1/app/inventory/vendors/{vendor}/statement,vendors.statement,
inventory,POST,/api/v1/app/inventory/vendors/import,,vendor:create
inventory,GET,/api/v1/app/inventory/vendors,,
inventory,POST,/api/v1/app/inventory/vendors,,
inventory,GET,/api/v1/app/inventory/vendors/{id},,
inventory,PUT|PATCH,/api/v1/app/inventory/vendors/{id},,
inventory,DELETE,/api/v1/app/inventory/vendors/{id},,
inventory,GET,/api/v1/app/inventory/stock-categories/pre-requisite,,
inventory,POST,/api/v1/app/inventory/stock-categories/import,,stock-category:create
inventory,GET,/api/v1/app/inventory/stock-categories,,
inventory,POST,/api/v1/app/inventory/stock-categories,,
inventory,GET,/api/v1/app/inventory/stock-categories/{id},,
inventory,PUT|PATCH,/api/v1/app/inventory/stock-categories/{id},,
inventory,DELETE,/api/v1/app/inventory/stock-categories/{id},,
inventory,GET,/api/v1/app/inventory/stock-items/pre-requisite,,
inventory,POST,/api/v1/app/inventory/stock-items/import,,stock-item:create
inventory,POST,/api/v1/app/inventory/stock-items/{stockItem}/quantity,,
inventory,POST,/api/v1/app/inventory/stock-items/tags,,stock-item:edit
inventory,GET,/api/v1/app/inventory/stock-items,,
inventory,POST,/api/v1/app/inventory/stock-items,,
inventory,GET,/api/v1/app/inventory/stock-items/{id},,
inventory,PUT|PATCH,/api/v1/app/inventory/stock-items/{id},,
inventory,DELETE,/api/v1/app/inventory/stock-items/{id},,
inventory,GET,/api/v1/app/inventory/stock-items-with-copies,,
inventory,GET,/api/v1/app/inventory/stock-item/copies/pre-requisite,,
inventory,POST,/api/v1/app/inventory/stock-item/copies/condition,,stock-item:edit
inventory,POST,/api/v1/app/inventory/stock-item/copies/status,,stock-item:edit
inventory,GET,/api/v1/app/inventory/stock-item/copies,,
inventory,POST,/api/v1/app/inventory/stock-item/copies/tags,,stock-item:edit
inventory,GET,/api/v1/app/inventory/stock-item/labels/pre-requisite,labels.preRequisite,
inventory,GET,/api/v1/app/inventory/stock-item/labels,labels.print,
inventory,GET,/api/v1/app/inventory/stock-requisitions/pre-requisite,,
inventory,GET,/api/v1/app/inventory/stock-requisitions,,
inventory,POST,/api/v1/app/inventory/stock-requisitions,,
inventory,GET,/api/v1/app/inventory/stock-requisitions/{id},,
inventory,PUT|PATCH,/api/v1/app/inventory/stock-requisitions/{id},,
inventory,DELETE,/api/v1/app/inventory/stock-requisitions/{id},,
inventory,GET,/api/v1/app/inventory/stock-purchases/pre-requisite,,
inventory,GET,/api/v1/app/inventory/stock-purchases,,
inventory,POST,/api/v1/app/inventory/stock-purchases,,
inventory,GET,/api/v1/app/inventory/stock-purchases/{id},,
inventory,PUT|PATCH,/api/v1/app/inventory/stock-purchases/{id},,
inventory,DELETE,/api/v1/app/inventory/stock-purchases/{id},,
inventory,GET,/api/v1/app/inventory/stock-returns/pre-requisite,,
inventory,GET,/api/v1/app/inventory/stock-returns,,
inventory,POST,/api/v1/app/inventory/stock-returns,,
inventory,GET,/api/v1/app/inventory/stock-returns/{id},,
inventory,PUT|PATCH,/api/v1/app/inventory/stock-returns/{id},,
inventory,DELETE,/api/v1/app/inventory/stock-returns/{id},,
inventory,GET,/api/v1/app/inventory/stock-transfers/pre-requisite,,
inventory,GET,/api/v1/app/inventory/stock-transfers,,
inventory,POST,/api/v1/app/inventory/stock-transfers,,
inventory,GET,/api/v1/app/inventory/stock-transfers/{id},,
inventory,PUT|PATCH,/api/v1/app/inventory/stock-transfers/{id},,
inventory,DELETE,/api/v1/app/inventory/stock-transfers/{id},,
inventory,GET,/api/v1/app/inventory/stock-adjustments/pre-requisite,,
inventory,GET,/api/v1/app/inventory/stock-adjustments,,
inventory,POST,/api/v1/app/inventory/stock-adjustments,,
inventory,GET,/api/v1/app/inventory/stock-adjustments/{id},,
inventory,PUT|PATCH,/api/v1/app/inventory/stock-adjustments/{id},,
inventory,DELETE,/api/v1/app/inventory/stock-adjustments/{id},,
inventory,GET,/api/v1/app/inventory/reports/item-summary/pre-requisite,item-summary.preRequisite,inventory:report
inventory,GET,/api/v1/app/inventory/reports/item-summary,item-summary.fetch,inventory:report
library,GET,/api/v1/app/library/books/pre-requisite,,
library,POST,/api/v1/app/library/books/import,,book:create
library,GET,/api/v1/app/library/books,,
library,POST,/api/v1/app/library/books,,
library,GET,/api/v1/app/library/books/{id},,
library,PUT|PATCH,/api/v1/app/library/books/{id},,
library,DELETE,/api/v1/app/library/books/{id},,
library,GET,/api/v1/app/library/book/copies/pre-requisite,,
library,POST,/api/v1/app/library/book/copies/condition,,book:edit
library,POST,/api/v1/app/library/book/copies/status,,book:edit
library,POST,/api/v1/app/library/book/copies/location,,book:edit
library,POST,/api/v1/app/library/book/copies/import,,book-addition:create
library,GET,/api/v1/app/library/book/copies,,
library,GET,/api/v1/app/library/book/labels/pre-requisite,labels.preRequisite,
library,GET,/api/v1/app/library/book/labels,labels.print,
library,GET,/api/v1/app/library/book-additions/pre-requisite,,
library,GET,/api/v1/app/library/book-additions,,
library,POST,/api/v1/app/library/book-additions,,
library,GET,/api/v1/app/library/book-additions/{id},,
library,PUT|PATCH,/api/v1/app/library/book-additions/{id},,
library,DELETE,/api/v1/app/library/book-additions/{id},,
library,GET,/api/v1/app/library/book-wise-transactions/pre-requisite,,
library,GET,/api/v1/app/library/book-wise-transactions,,
library,POST,/api/v1/app/library/book-wise-transactions,,
library,GET,/api/v1/app/library/book-wise-transactions/{id},,
library,PUT|PATCH,/api/v1/app/library/book-wise-transactions/{id},,
library,DELETE,/api/v1/app/library/book-wise-transactions/{id},,
library,GET,/api/v1/app/library/transactions/pre-requisite,,
library,GET,/api/v1/app/library/transactions/action-pre-requisite,,
library,POST,/api/v1/app/library/transactions/{book_issue}/return,transactions.returnBook,
library,GET,/api/v1/app/library/transactions,,
library,POST,/api/v1/app/library/transactions,,
library,GET,/api/v1/app/library/transactions/{id},,
library,PUT|PATCH,/api/v1/app/library/transactions/{id},,
library,DELETE,/api/v1/app/library/transactions/{id},,
library,GET,/api/v1/app/library/reports/top-borrower/pre-requisite,top-borrower.preRequisite,library:report
library,GET,/api/v1/app/library/reports/top-borrower,top-borrower.fetch,library:report
library,GET,/api/v1/app/library/reports/top-borrowed-book/pre-requisite,top-borrowed-book.preRequisite,library:report
library,GET,/api/v1/app/library/reports/top-borrowed-book,top-borrowed-book.fetch,library:report
mess,GET,/api/v1/app/mess/menu-items/pre-requisite,,menu-item:manage
mess,GET,/api/v1/app/mess/menu-items,,menu-item:manage
mess,POST,/api/v1/app/mess/menu-items,,menu-item:manage
mess,GET,/api/v1/app/mess/menu-items/{id},,menu-item:manage
mess,PUT|PATCH,/api/v1/app/mess/menu-items/{id},,menu-item:manage
mess,DELETE,/api/v1/app/mess/menu-items/{id},,menu-item:manage
mess,GET,/api/v1/app/mess/meals/pre-requisite,,meal:manage
mess,GET,/api/v1/app/mess/meals,,meal:manage
mess,POST,/api/v1/app/mess/meals,,meal:manage
mess,GET,/api/v1/app/mess/meals/{id},,meal:manage
mess,PUT|PATCH,/api/v1/app/mess/meals/{id},,meal:manage
mess,DELETE,/api/v1/app/mess/meals/{id},,meal:manage
mess,GET,/api/v1/app/mess/meal-logs/pre-requisite,,
mess,GET,/api/v1/app/mess/meal-logs,,
mess,POST,/api/v1/app/mess/meal-logs,,
mess,GET,/api/v1/app/mess/meal-logs/{id},,
mess,PUT|PATCH,/api/v1/app/mess/meal-logs/{id},,
mess,DELETE,/api/v1/app/mess/meal-logs/{id},,
misc,GET,/api/v1/app/suggestions/institutes,suggestions.institutes,
misc,GET,/api/v1/app/suggestions/affiliation-bodies,suggestions.affiliation-bodies,
misc,GET,/api/v1/app/suggestions/units,suggestions.units,
misc,GET,/api/v1/app/suggestions/library/books,suggestions.library.books,
news,GET,/api/v1/app/news/pre-requisite,news.preRequisite,
news,POST,/api/v1/app/news/{news}/assets/{type},news.uploadAsset,
news,DELETE,/api/v1/app/news/{news}/assets/{type},news.removeAsset,
news,POST,/api/v1/app/news/{news}/meta,news.updateMeta,
news,POST,/api/v1/app/news/{news}/archive,news.archive,
news,POST,/api/v1/app/news/{news}/unarchive,news.unarchive,
news,POST,/api/v1/app/news/{news}/pin,news.pin,
news,POST,/api/v1/app/news/{news}/unpin,news.unpin,
news,POST,/api/v1/app/news/archive,news.archiveMultiple,
news,POST,/api/v1/app/news/unarchive,news.unarchiveMultiple,
news,POST,/api/v1/app/news/delete,news.destroyMultiple,
news,GET,/api/v1/app/news,,
news,POST,/api/v1/app/news,,
news,GET,/api/v1/app/news/{id},,
news,PUT|PATCH,/api/v1/app/news/{id},,
news,DELETE,/api/v1/app/news/{id},,
post,POST,/api/v1/app/post/images,,
post,DELETE,/api/v1/app/post/images,,
post,POST,/api/v1/app/posts/{post}/pin,posts.pin,
post,POST,/api/v1/app/posts/{post}/unpin,posts.unpin,
post,GET,/api/v1/app/posts/pre-requisite,,
post,GET,/api/v1/app/posts,,
post,POST,/api/v1/app/posts,,
post,GET,/api/v1/app/posts/{id},,
post,PUT|PATCH,/api/v1/app/posts/{id},,
post,DELETE,/api/v1/app/posts/{id},,
reception,GET,/api/v1/app/reception/enquiries/pre-requisite,enquiries.preRequisite,
reception,POST,/api/v1/app/reception/enquiries/import,,enquiry:create
reception,GET,/api/v1/app/reception/enquiries/{enquiry}/documents/pre-requisite,enquiries.documents.preRequisite,
reception,POST,/api/v1/app/reception/enquiries.documents,,
reception,GET,/api/v1/app/reception/enquiries.documents/{id},,
reception,PUT|PATCH,/api/v1/app/reception/enquiries.documents/{id},,
reception,DELETE,/api/v1/app/reception/enquiries.documents/{id},,
reception,GET,/api/v1/app/reception/enquiries/{enquiry}/qualifications/pre-requisite,enquiries.qualifications.preRequisite,
reception,POST,/api/v1/app/reception/enquiries.qualifications,,
reception,GET,/api/v1/app/reception/enquiries.qualifications/{id},,
reception,PUT|PATCH,/api/v1/app/reception/enquiries.qualifications/{id},,
reception,DELETE,/api/v1/app/reception/enquiries.qualifications/{id},,
reception,GET,/api/v1/app/reception/enquiries/{enquiry}/follow-ups/pre-requisite,enquiries.follow-ups.preRequisite,
reception,POST,/api/v1/app/reception/enquiries.follow-ups,,
reception,DELETE,/api/v1/app/reception/enquiries.follow-ups/{id},,
reception,POST,/api/v1/app/reception/enquiries/{enquiry}/photo,enquiries.uploadPhoto,
reception,DELETE,/api/v1/app/reception/enquiries/{enquiry}/photo,enquiries.removePhoto,
reception,POST,/api/v1/app/reception/enquiries/{enquiry}/registration,enquiries.convertToRegistration,
reception,POST,/api/v1/app/reception/enquiries/registration,enquiries.bulkConvertToRegistration,
reception,POST,/api/v1/app/reception/enquiries/assign,enquiries.updateBulkAssignTo,
reception,POST,/api/v1/app/reception/enquiries/stage,enquiries.updateBulkStage,
reception,POST,/api/v1/app/reception/enquiries/type,enquiries.updateBulkType,
reception,POST,/api/v1/app/reception/enquiries/source,enquiries.updateBulkSource,
reception,POST,/api/v1/app/reception/enquiries/delete,,
reception,POST,/api/v1/app/reception/enquiries/{enquiry}/detail,enquiries.updateDetail,
reception,GET,/api/v1/app/reception/enquiries/{enquiry}/guardians,enquiries.showGuardians,
reception,GET,/api/v1/app/reception/enquiries/{enquiry}/documents,enquiries.showDocuments,
reception,GET,/api/v1/app/reception/enquiries/{enquiry}/qualifications,enquiries.showQualifications,
reception,GET,/api/v1/app/reception/enquiries,,
reception,POST,/api/v1/app/reception/enquiries,,
reception,GET,/api/v1/app/reception/enquiries/{id},,
reception,PUT|PATCH,/api/v1/app/reception/enquiries/{id},,
reception,DELETE,/api/v1/app/reception/enquiries/{id},,
reception,GET,/api/v1/app/reception/visitor-logs/pre-requisite,visitor-logs.preRequisite,
reception,POST,/api/v1/app/reception/visitor-logs/{visitor_log}/exit,visitor-logs.markExit,
reception,GET,/api/v1/app/reception/visitor-logs,,
reception,POST,/api/v1/app/reception/visitor-logs,,
reception,GET,/api/v1/app/reception/visitor-logs/{id},,
reception,PUT|PATCH,/api/v1/app/reception/visitor-logs/{id},,
reception,DELETE,/api/v1/app/reception/visitor-logs/{id},,
reception,GET,/api/v1/app/reception/gate-passes/pre-requisite,gate-passes.preRequisite,
reception,GET,/api/v1/app/reception/gate-passes,,
reception,POST,/api/v1/app/reception/gate-passes,,
reception,GET,/api/v1/app/reception/gate-passes/{id},,
reception,PUT|PATCH,/api/v1/app/reception/gate-passes/{id},,
reception,DELETE,/api/v1/app/reception/gate-passes/{id},,
reception,GET,/api/v1/app/reception/complaints/pre-requisite,complaints.preRequisite,
reception,POST,/api/v1/app/reception/complaints/{complaint}/assign,,
reception,POST,/api/v1/app/reception/complaints/{complaint}/unassign/{employee},,
reception,POST,/api/v1/app/reception/complaints/{complaint}/logs,,
reception,POST,/api/v1/app/reception/complaints/{complaint}/logs/{log},,
reception,GET,/api/v1/app/reception/complaints,,
reception,POST,/api/v1/app/reception/complaints,,
reception,GET,/api/v1/app/reception/complaints/{id},,
reception,PUT|PATCH,/api/v1/app/reception/complaints/{id},,
reception,DELETE,/api/v1/app/reception/complaints/{id},,
reception,GET,/api/v1/app/reception/call-logs/pre-requisite,call-logs.preRequisite,
reception,GET,/api/v1/app/reception/call-logs,,
reception,POST,/api/v1/app/reception/call-logs,,
reception,GET,/api/v1/app/reception/call-logs/{id},,
reception,PUT|PATCH,/api/v1/app/reception/call-logs/{id},,
reception,DELETE,/api/v1/app/reception/call-logs/{id},,
reception,GET,/api/v1/app/reception/correspondences/pre-requisite,correspondences.preRequisite,
reception,GET,/api/v1/app/reception/correspondences,,
reception,POST,/api/v1/app/reception/correspondences,,
reception,GET,/api/v1/app/reception/correspondences/{id},,
reception,PUT|PATCH,/api/v1/app/reception/correspondences/{id},,
reception,DELETE,/api/v1/app/reception/correspondences/{id},,
reception,GET,/api/v1/app/reception/queries/pre-requisite,queries.preRequisite,
reception,POST,/api/v1/app/reception/queries/{query}/action,,
reception,GET,/api/v1/app/reception/queries,,
reception,GET,/api/v1/app/reception/queries/{id},,
reception,DELETE,/api/v1/app/reception/queries/{id},,
recruitment,GET,/api/v1/app/recruitment/vacancies/pre-requisite,vacancies.preRequisite,
recruitment,GET,/api/v1/app/recruitment/vacancies,,
recruitment,POST,/api/v1/app/recruitment/vacancies,,
recruitment,GET,/api/v1/app/recruitment/vacancies/{id},,
recruitment,PUT|PATCH,/api/v1/app/recruitment/vacancies/{id},,
recruitment,DELETE,/api/v1/app/recruitment/vacancies/{id},,
recruitment,GET,/api/v1/app/recruitment/applications/pre-requisite,applications.preRequisite,
recruitment,GET,/api/v1/app/recruitment/applications,,
recruitment,POST,/api/v1/app/recruitment/applications,,
recruitment,GET,/api/v1/app/recruitment/applications/{id},,
recruitment,PUT|PATCH,/api/v1/app/recruitment/applications/{id},,
recruitment,DELETE,/api/v1/app/recruitment/applications/{id},,
resource,GET,/api/v1/app/resource/book-lists/pre-requisite,book-lists.preRequisite,
resource,GET,/api/v1/app/resource/online-classes/pre-requisite,online-classes.preRequisite,
resource,GET,/api/v1/app/resource/online-classes,,
resource,POST,/api/v1/app/resource/online-classes,,
resource,GET,/api/v1/app/resource/online-classes/{id},,
resource,PUT|PATCH,/api/v1/app/resource/online-classes/{id},,
resource,DELETE,/api/v1/app/resource/online-classes/{id},,
resource,GET,/api/v1/app/resource/assignments/pre-requisite,assignments.preRequisite,
resource,POST,/api/v1/app/resource/assignments/{assignment}/evaluate,assignments.evaluate,
resource,GET,/api/v1/app/resource/assignments.submissions,,
resource,POST,/api/v1/app/resource/assignments.submissions,,
resource,GET,/api/v1/app/resource/assignments,,
resource,POST,/api/v1/app/resource/assignments,,
resource,GET,/api/v1/app/resource/assignments/{id},,
resource,PUT|PATCH,/api/v1/app/resource/assignments/{id},,
resource,DELETE,/api/v1/app/resource/assignments/{id},,
resource,GET,/api/v1/app/resource/lesson-plans/pre-requisite,lesson-plans.preRequisite,
resource,GET,/api/v1/app/resource/lesson-plans,,
resource,POST,/api/v1/app/resource/lesson-plans,,
resource,GET,/api/v1/app/resource/lesson-plans/{id},,
resource,PUT|PATCH,/api/v1/app/resource/lesson-plans/{id},,
resource,DELETE,/api/v1/app/resource/lesson-plans/{id},,
resource,GET,/api/v1/app/resource/syllabuses/pre-requisite,syllabuses.preRequisite,
resource,GET,/api/v1/app/resource/syllabuses,,
resource,POST,/api/v1/app/resource/syllabuses,,
resource,GET,/api/v1/app/resource/syllabuses/{id},,
resource,PUT|PATCH,/api/v1/app/resource/syllabuses/{id},,
resource,DELETE,/api/v1/app/resource/syllabuses/{id},,
resource,GET,/api/v1/app/resource/learning-materials/pre-requisite,learning-materials.preRequisite,
resource,GET,/api/v1/app/resource/learning-materials,,
resource,POST,/api/v1/app/resource/learning-materials,,
resource,GET,/api/v1/app/resource/learning-materials/{id},,
resource,PUT|PATCH,/api/v1/app/resource/learning-materials/{id},,
resource,DELETE,/api/v1/app/resource/learning-materials/{id},,
resource,GET,/api/v1/app/resource/diaries/pre-requisite,diaries.preRequisite,
resource,GET,/api/v1/app/resource/diaries/preview,,
resource,GET,/api/v1/app/resource/diaries,,
resource,POST,/api/v1/app/resource/diaries,,
resource,GET,/api/v1/app/resource/diaries/{id},,
resource,PUT|PATCH,/api/v1/app/resource/diaries/{id},,
resource,DELETE,/api/v1/app/resource/diaries/{id},,
resource,GET,/api/v1/app/resource/downloads/pre-requisite,downloads.preRequisite,
resource,GET,/api/v1/app/resource/downloads,,
resource,POST,/api/v1/app/resource/downloads,,
resource,GET,/api/v1/app/resource/downloads/{id},,
resource,PUT|PATCH,/api/v1/app/resource/downloads/{id},,
resource,DELETE,/api/v1/app/resource/downloads/{id},,
resource,GET,/api/v1/app/resource/reports/date-wise-student-diary/pre-requisite,date-wise-student-diary.preRequisite,resource:report
resource,GET,/api/v1/app/resource/reports/date-wise-student-diary,date-wise-student-diary.fetch,resource:report
resource,GET,/api/v1/app/resource/reports/date-wise-assignment/pre-requisite,date-wise-assignment.preRequisite,resource:report
resource,GET,/api/v1/app/resource/reports/date-wise-assignment,date-wise-assignment.fetch,resource:report
resource,GET,/api/v1/app/resource/reports/date-wise-learning-material/pre-requisite,date-wise-learning-material.preRequisite,resource:report
resource,GET,/api/v1/app/resource/reports/date-wise-learning-material,date-wise-learning-material.fetch,resource:report
site,GET,/api/v1/app/site/pages/pre-requisite,pages.preRequisite,
site,POST,/api/v1/app/site/pages/{page}/assets/{type},pages.uploadAsset,
site,DELETE,/api/v1/app/site/pages/{page}/assets/{type},pages.removeAsset,
site,POST,/api/v1/app/site/pages/{page}/cta,pages.updateCTA,
site,POST,/api/v1/app/site/pages/{page}/meta,pages.updateMeta,
site,GET,/api/v1/app/site/pages,,
site,POST,/api/v1/app/site/pages,,
site,GET,/api/v1/app/site/pages/{id},,
site,PUT|PATCH,/api/v1/app/site/pages/{id},,
site,DELETE,/api/v1/app/site/pages/{id},,
student,GET,/api/v1/app/student/config/attendance-types/pre-requisite,attendanceTypes.preRequisite,student:config
student,GET,/api/v1/app/student/config/attendance-types,,student:config
student,POST,/api/v1/app/student/config/attendance-types,,student:config
student,GET,/api/v1/app/student/config/attendance-types/{id},,student:config
student,PUT|PATCH,/api/v1/app/student/config/attendance-types/{id},,student:config
student,DELETE,/api/v1/app/student/config/attendance-types/{id},,student:config
student,GET,/api/v1/app/student/config/document-types,,student:config
student,POST,/api/v1/app/student/config/document-types,,student:config
student,GET,/api/v1/app/student/config/document-types/{id},,student:config
student,PUT|PATCH,/api/v1/app/student/config/document-types/{id},,student:config
student,DELETE,/api/v1/app/student/config/document-types/{id},,student:config
student,GET,/api/v1/app/student/registrations/{registration}/payment/pre-requisite,registrations.paymentPreRequisite,
student,POST,/api/v1/app/student/registrations/{registration}/skip-payment,registrations.skipPayment,
student,POST,/api/v1/app/student/registrations/{registration}/payment,registrations.payment,
student,DELETE,/api/v1/app/student/registrations/{registration}/payment/{uuid},registrations.cancelPayment,
student,POST,/api/v1/app/student/registrations/{registration}/payment/initiate,registrations.storeTempPayment,
student,GET,/api/v1/app/student/registrations/{registration}/assign-fee/pre-requisite,registrations.assignFee.PreRequisite,
student,POST,/api/v1/app/student/registrations/{registration}/assign-fee,registrations.assignFee,
student,POST,/api/v1/app/student/registrations/{registration}/verify,registrations.verify,
student,GET,/api/v1/app/student/registrations/{registration}/action/pre-requisite,registrations.actionPreRequisite,
student,POST,/api/v1/app/student/registrations/{registration}/action,registrations.action,
student,POST,/api/v1/app/student/registrations/{registration}/undo-reject,registrations.undoReject,
student,GET,/api/v1/app/student/registrations/{registration}/qualifications/pre-requisite,registrations.qualifications.preRequisite,
student,POST,/api/v1/app/student/registrations.qualifications,,
student,GET,/api/v1/app/student/registrations.qualifications/{id},,
student,PUT|PATCH,/api/v1/app/student/registrations.qualifications/{id},,
student,DELETE,/api/v1/app/student/registrations.qualifications/{id},,
student,GET,/api/v1/app/student/registrations/{registration}/documents/pre-requisite,registrations.documents.preRequisite,
student,POST,/api/v1/app/student/registrations.documents,,
student,GET,/api/v1/app/student/registrations.documents/{id},,
student,PUT|PATCH,/api/v1/app/student/registrations.documents/{id},,
student,DELETE,/api/v1/app/student/registrations.documents/{id},,
student,POST,/api/v1/app/student/registrations/{registration}/photo,registrations.uploadPhoto,
student,DELETE,/api/v1/app/student/registrations/{registration}/photo,registrations.removePhoto,
student,GET,/api/v1/app/student/registrations/pre-requisite,registrations.preRequisite,
student,POST,/api/v1/app/student/registrations/delete,,
student,POST,/api/v1/app/student/registrations/assign,registrations.updateBulkAssignTo,
student,POST,/api/v1/app/student/registrations/stage,registrations.updateBulkStage,
student,POST,/api/v1/app/student/registrations/{registration}/detail,registrations.updateDetail,
student,GET,/api/v1/app/student/registrations/{registration}/guardians,registrations.showGuardians,
student,GET,/api/v1/app/student/registrations/{registration}/qualifications,registrations.showQualifications,
student,GET,/api/v1/app/student/registrations/{registration}/documents,registrations.showDocuments,
student,GET,/api/v1/app/student/registrations,,
student,POST,/api/v1/app/student/registrations,,
student,GET,/api/v1/app/student/registrations/{id},,
student,PUT|PATCH,/api/v1/app/student/registrations/{id},,
student,DELETE,/api/v1/app/student/registrations/{id},,
student,GET,/api/v1/app/student/roll-number/pre-requisite,roll-number.preRequisite,
student,GET,/api/v1/app/student/roll-number/fetch,roll-number.fetch,
student,POST,/api/v1/app/student/roll-number,roll-number.store,
student,GET,/api/v1/app/student/photo/pre-requisite,photo.preRequisite,
student,GET,/api/v1/app/student/photo/fetch,photo.fetch,
student,GET,/api/v1/app/student/health-record/pre-requisite,health-record.preRequisite,
student,GET,/api/v1/app/student/health-record/fetch,health-record.fetch,
student,POST,/api/v1/app/student/health-record,health-record.store,
student,GET,/api/v1/app/student/fee-allocation/pre-requisite,fee-allocation.preRequisite,
student,GET,/api/v1/app/student/fee-allocation/fetch,fee-allocation.fetch,
student,POST,/api/v1/app/student/fee-allocation,fee-allocation.allocate,
student,POST,/api/v1/app/student/fee-allocation/fee-concession,fee-allocation.allocateFeeConcession,
student,POST,/api/v1/app/student/fee-allocation/remove,fee-allocation.remove,
student,GET,/api/v1/app/student/service-allocation/pre-requisite,service-allocation.preRequisite,
student,GET,/api/v1/app/student/service-allocation/fetch,service-allocation.fetch,
student,POST,/api/v1/app/student/service-allocation,service-allocation.allocate,
student,POST,/api/v1/app/student/service-allocation/remove,service-allocation.remove,
student,GET,/api/v1/app/student/promotion/pre-requisite,promotion.preRequisite,
student,GET,/api/v1/app/student/promotion/fetch,promotion.fetch,
student,POST,/api/v1/app/student/promotion,promotion.promote,
student,GET,/api/v1/app/student/edit-requests/pre-requisite,edit-requests.preRequisite,
student,POST,/api/v1/app/student/edit-requests/{edit_request}/action,,
student,GET,/api/v1/app/student/edit-requests,,
student,GET,/api/v1/app/student/edit-requests/{id},,
student,GET,/api/v1/app/student/service-requests/pre-requisite,service-requests.preRequisite,
student,POST,/api/v1/app/student/service-requests/{service_request}/status,,
student,GET,/api/v1/app/student/service-requests,,
student,POST,/api/v1/app/student/service-requests,,
student,GET,/api/v1/app/student/service-requests/{id},,
student,PUT|PATCH,/api/v1/app/student/service-requests/{id},,
student,DELETE,/api/v1/app/student/service-requests/{id},,
student,GET,/api/v1/app/student/leave-requests/pre-requisite,leave-requests.preRequisite,
student,GET,/api/v1/app/student/leave-requests,,
student,POST,/api/v1/app/student/leave-requests,,
student,GET,/api/v1/app/student/leave-requests/{id},,
student,PUT|PATCH,/api/v1/app/student/leave-requests/{id},,
student,DELETE,/api/v1/app/student/leave-requests/{id},,
student,GET,/api/v1/app/student/transfer-requests/pre-requisite,transfer-requests.preRequisite,
student,POST,/api/v1/app/student/transfer-requests/{transfer_request}/action,,
student,GET,/api/v1/app/student/transfer-requests,,
student,POST,/api/v1/app/student/transfer-requests,,
student,GET,/api/v1/app/student/transfer-requests/{id},,
student,PUT|PATCH,/api/v1/app/student/transfer-requests/{id},,
student,DELETE,/api/v1/app/student/transfer-requests/{id},,
student,GET,/api/v1/app/student/transfer/approval-requests/pre-requisite,transfers.approvalRequests.preRequisite,
student,GET,/api/v1/app/student/transfer/approval-requests,transfers.approvalRequests.index,
student,GET,/api/v1/app/student/transfers/pre-requisite,transfers.preRequisite,
student,POST,/api/v1/app/student/transfers/{transfer}/media,,
student,GET,/api/v1/app/student/transfers,,
student,POST,/api/v1/app/student/transfers,,
student,GET,/api/v1/app/student/transfers/{id},,
student,PUT|PATCH,/api/v1/app/student/transfers/{id},,
student,DELETE,/api/v1/app/student/transfers/{id},,
student,GET,/api/v1/app/student/attendance/absentees/pre-requisite,attendance.absentee.preRequisite,
student,GET,/api/v1/app/student/attendance/absentees,attendance.absentee.fetch,
student,GET,/api/v1/app/student/attendance/pre-requisite,attendance.preRequisite,
student,GET,/api/v1/app/student/attendance/fetch,attendance.fetch,
student,POST,/api/v1/app/student/attendance/remove,attendance.remove,
student,POST,/api/v1/app/student/attendance/migrate,attendance.migrate,
student,POST,/api/v1/app/student/attendance,attendance.store,
student,POST,/api/v1/app/student/attendance/send-notification,attendance.sendNotification,
student,GET,/api/v1/app/student/timesheet/check,checkTimesheet,
student,POST,/api/v1/app/student/timesheet/clock,clockTimesheet,
student,GET,/api/v1/app/student/timesheet/batch/pre-requisite,timesheet.batch.preRequisite,
student,GET,/api/v1/app/student/timesheet/batch/fetch,timesheet.batch.fetch,
student,POST,/api/v1/app/student/timesheet/batch,timesheet.batch.store,
student,GET,/api/v1/app/student/timesheets,,
student,POST,/api/v1/app/student/timesheets,,
student,GET,/api/v1/app/student/timesheets/{id},,
student,PUT|PATCH,/api/v1/app/student/timesheets/{id},,
student,DELETE,/api/v1/app/student/timesheets/{id},,
student,GET,/api/v1/app/student/subject/pre-requisite,subject.preRequisite,
student,GET,/api/v1/app/student/subject/fetch,subject.fetch,
student,POST,/api/v1/app/student/subject,subject.store,
student,GET,/api/v1/app/student/documents/pre-requisite,documents.preRequisite,
student,GET,/api/v1/app/student/documents,,
student,POST,/api/v1/app/student/documents,,
student,GET,/api/v1/app/student/documents/{id},,
student,PUT|PATCH,/api/v1/app/student/documents/{id},,
student,DELETE,/api/v1/app/student/documents/{id},,
student,POST,/api/v1/app/student/documents/import,documents.import,student:edit
student,GET,/api/v1/app/student/accounts/pre-requisite,accounts.preRequisite,
student,GET,/api/v1/app/student/accounts,,
student,POST,/api/v1/app/student/accounts,,
student,GET,/api/v1/app/student/accounts/{id},,
student,PUT|PATCH,/api/v1/app/student/accounts/{id},,
student,DELETE,/api/v1/app/student/accounts/{id},,
student,POST,/api/v1/app/student/accounts/import,accounts.import,student:edit
student,GET,/api/v1/app/student/qualifications/pre-requisite,qualifications.preRequisite,
student,GET,/api/v1/app/student/qualifications,,
student,POST,/api/v1/app/student/qualifications,,
student,GET,/api/v1/app/student/qualifications/{id},,
student,PUT|PATCH,/api/v1/app/student/qualifications/{id},,
student,DELETE,/api/v1/app/student/qualifications/{id},,
student,POST,/api/v1/app/student/qualifications/import,qualifications.import,student:edit
student,POST,/api/v1/app/students/{student}/user/confirm,students.confirmUser,
student,GET,/api/v1/app/students/{student}/user,students.getUser,
student,POST,/api/v1/app/students/{student}/user,students.createUser,
student,PATCH,/api/v1/app/students/{student}/user,students.updateUser,
student,POST,/api/v1/app/students/{student}/period,students.updateCurrentPeriod,
student,POST,/api/v1/app/students/{student}/photo,students.uploadPhoto,
student,DELETE,/api/v1/app/students/{student}/photo,students.removePhoto,
student,DELETE,/api/v1/app/students/{student}/admission,students.cancelAdmission,
student,DELETE,/api/v1/app/students/{student}/promotion,students.cancelPromotion,
student,DELETE,/api/v1/app/students/{student}/alumni,students.cancelAlumni,
student,POST,/api/v1/app/students/{student}/default-period,students.setDefaultPeriod,
student,GET,/api/v1/app/students/{student}/guardians/pre-requisite,students.guardians.preRequisite,
student,POST,/api/v1/app/students/{student}/guardians/{guardian}/make-primary,students.guardians.makePrimary,
student,GET,/api/v1/app/students.guardians,,
student,POST,/api/v1/app/students.guardians,,
student,GET,/api/v1/app/students.guardians/{id},,
student,PUT|PATCH,/api/v1/app/students.guardians/{id},,
student,DELETE,/api/v1/app/students.guardians/{id},,
student,GET,/api/v1/app/students/{student}/siblings/pre-requisite,students.siblings.preRequisite,
student,GET,/api/v1/app/students.siblings,,
student,GET,/api/v1/app/students/{student}/records/pre-requisite,students.records.preRequisite,
student,GET,/api/v1/app/students.records,,
student,POST,/api/v1/app/students.records,,
student,GET,/api/v1/app/students.records/{id},,
student,PUT|PATCH,/api/v1/app/students.records/{id},,
student,DELETE,/api/v1/app/students.records/{id},,
student,GET,/api/v1/app/students/{student}/fee/pre-requisite,students.fee.preRequisite,
student,GET,/api/v1/app/students/{student}/fee,students.fetchFee,
student,GET,/api/v1/app/students/{student}/sibling-fees,students.getSiblingFees,
student,GET,/api/v1/app/students/{student}/fee/list,students.listFee,
student,GET,/api/v1/app/students/{student}/fee/summary,students.getFeeSummary,
student,GET,/api/v1/app/students/{student}/fees,students.getStudentFees,
student,POST,/api/v1/app/students/{student}/fee,students.setFee,
student,PATCH,/api/v1/app/students/{student}/fee,students.updateFee,
student,DELETE,/api/v1/app/students/{student}/fee,students.resetFee,
student,POST,/api/v1/app/students/{student}/fee/lock-unlock,students.lockUnlockFee,
student,POST,/api/v1/app/students/{student}/fee/custom-concession,students.setCustomConcession,
student,GET,/api/v1/app/students/{student}/attendance,students.attendance.fetch,
student,GET,/api/v1/app/students/{student}/exam-report,students.exam-report.fetch,
student,GET,/api/v1/app/students/{student}/subject,students.subject.fetch,
student,POST,/api/v1/app/students/{student}/subject,students.subject.update,
student,GET,/api/v1/app/students/{student}/payment/pre-requisite,students.feePayment.preRequisite,
student,POST,/api/v1/app/students/{student}/head-wise-payment,students.makeHeadWisePayment,
student,POST,/api/v1/app/students/{student}/multi-head-wise-payment,students.makeMultiHeadWisePayment,
student,POST,/api/v1/app/students/{student}/bank-transfer,students.bankTransfer,
student,POST,/api/v1/app/students/{student}/bank-transfers/{uuid}/action,students.bankTransferAction,
student,POST,/api/v1/app/students/{student}/payment,students.makePayment,
student,POST,/api/v1/app/students/{student}/payment/initiate,students.storeTempPayment,
student,GET,/api/v1/app/students/{student}/payment/{uuid},students.getPayment,
student,PATCH,/api/v1/app/students/{student}/payment/{uuid},students.updatePayment,
student,POST,/api/v1/app/students/{student}/cancel-payment/{uuid},students.cancelPayment,
student,POST,/api/v1/app/students/{student}/online-payment/initiate,students.initiatePayment,
student,POST,/api/v1/app/students/{student}/online-payment/complete,students.completePayment,
student,POST,/api/v1/app/students/{student}/online-payment/fail,students.failPayment,
student,POST,/api/v1/app/students/{student}/online-payment/{uuid}/status,students.updatePaymentStatus,
student,POST,/api/v1/app/students/{student}/online-payment/{uuid}/refresh-self-payment,students.refreshSelfPayment,
student,GET,/api/v1/app/students/{student}/custom-fees/pre-requisite,students.custom-fees.preRequisite,
student,GET,/api/v1/app/students.custom-fees,,
student,POST,/api/v1/app/students.custom-fees,,
student,GET,/api/v1/app/students.custom-fees/{id},,
student,PUT|PATCH,/api/v1/app/students.custom-fees/{id},,
student,DELETE,/api/v1/app/students.custom-fees/{id},,
student,GET,/api/v1/app/students/{student}/fee-refunds/pre-requisite,students.fee-refunds.preRequisite,
student,POST,/api/v1/app/students/{student}/fee-refunds/{uuid}/cancel,students.fee-refunds.cancel,
student,GET,/api/v1/app/students.fee-refunds,,
student,POST,/api/v1/app/students.fee-refunds,,
student,GET,/api/v1/app/students.fee-refunds/{id},,
student,PUT|PATCH,/api/v1/app/students.fee-refunds/{id},,
student,DELETE,/api/v1/app/students.fee-refunds/{id},,
student,GET,/api/v1/app/students/{student}/dialogues/pre-requisite,students.dialogues.preRequisite,student:dialogue
student,GET,/api/v1/app/students.dialogues,,student:dialogue
student,POST,/api/v1/app/students.dialogues,,student:dialogue
student,GET,/api/v1/app/students.dialogues/{id},,student:dialogue
student,PUT|PATCH,/api/v1/app/students.dialogues/{id},,student:dialogue
student,DELETE,/api/v1/app/students.dialogues/{id},,student:dialogue
student,GET,/api/v1/app/students/{student}/accounts/pre-requisite,students.accounts.preRequisite,
student,GET,/api/v1/app/students.accounts,,
student,POST,/api/v1/app/students.accounts,,
student,GET,/api/v1/app/students.accounts/{id},,
student,PUT|PATCH,/api/v1/app/students.accounts/{id},,
student,DELETE,/api/v1/app/students.accounts/{id},,
student,GET,/api/v1/app/students/{student}/documents/pre-requisite,students.documents.preRequisite,
student,GET,/api/v1/app/students.documents,,
student,POST,/api/v1/app/students.documents,,
student,GET,/api/v1/app/students.documents/{id},,
student,PUT|PATCH,/api/v1/app/students.documents/{id},,
student,DELETE,/api/v1/app/students.documents/{id},,
student,GET,/api/v1/app/students/{student}/qualifications/pre-requisite,students.qualifications.preRequisite,
student,GET,/api/v1/app/students.qualifications,,
student,POST,/api/v1/app/students.qualifications,,
student,GET,/api/v1/app/students.qualifications/{id},,
student,PUT|PATCH,/api/v1/app/students.qualifications/{id},,
student,DELETE,/api/v1/app/students.qualifications/{id},,
student,POST,/api/v1/app/students/{student}/tags,students.tags,
student,GET,/api/v1/app/students/pre-requisite,students.preRequisite,
student,GET,/api/v1/app/students/list,students.list,
student,GET,/api/v1/app/students/list-all,students.listAll,
student,POST,/api/v1/app/students/import,students.import,students:create
student,GET,/api/v1/app/students/import/history,students.importHistory,students:create
student,DELETE,/api/v1/app/students/import/history/{uuid},students.importHistory.destroy,
student,POST,/api/v1/app/students/custom-fee-import,students.custom-fee-import,fee:set
student,GET,/api/v1/app/students/{student}/edit-requests,students.editRequests.index,
student,POST,/api/v1/app/students/{student}/edit-requests,students.editRequests.store,
student,GET,/api/v1/app/students/{student}/edit-requests/{uuid},students.editRequests.show,
student,GET,/api/v1/app/students/summary,students.summary,
student,POST,/api/v1/app/students/tags,students.updateBulkTags,
student,POST,/api/v1/app/students/mentor,students.updateBulkMentor,
student,POST,/api/v1/app/students/enrollment-type,students.updateBulkEnrollmentType,
student,POST,/api/v1/app/students/enrollment-status,students.updateBulkEnrollmentStatus,
student,POST,/api/v1/app/students/groups,students.updateBulkGroups,
student,GET,/api/v1/app/students,,
student,GET,/api/v1/app/students/{id},,
student,PUT|PATCH,/api/v1/app/students/{id},,
student,DELETE,/api/v1/app/students/{id},,
student,GET,/api/v1/app/student/reports/date-wise-attendance/pre-requisite,date-wise-attendance.preRequisite,student:list-attendance
student,GET,/api/v1/app/student/reports/date-wise-attendance,date-wise-attendance.fetch,student:list-attendance
student,GET,/api/v1/app/student/reports/batch-wise-attendance/pre-requisite,batch-wise-attendance.preRequisite,student:list-attendance
student,GET,/api/v1/app/student/reports/batch-wise-attendance,batch-wise-attendance.fetch,student:list-attendance
student,GET,/api/v1/app/student/reports/subject-wise-attendance/pre-requisite,subject-wise-attendance.preRequisite,student:list-attendance
student,GET,/api/v1/app/student/reports/subject-wise-attendance,subject-wise-attendance.fetch,student:list-attendance
student,GET,/api/v1/app/student/reports/subject-wise-student/pre-requisite,subject-wise-student.preRequisite,student:list-attendance
student,GET,/api/v1/app/student/reports/daily-access-report/pre-requisite,daily-access-report.preRequisite,student:list-attendance
student,GET,/api/v1/app/student/reports/daily-access-report,daily-access-report.fetch,student:list-attendance
task,POST,/api/v1/app/tasks/{task}/tags,tasks.tags,
task,POST,/api/v1/app/tasks/{task}/favorite,tasks.favorite,
task,POST,/api/v1/app/tasks/{task}/status,tasks.status,
task,POST,/api/v1/app/tasks/{task}/media,tasks.uploadMedia,
task,DELETE,/api/v1/app/tasks/{task}/media/{uuid},tasks.removeMedia,
task,GET,/api/v1/app/tasks/{task}/repeat/pre-requisite,tasks.repeatPreRequisite,
task,POST,/api/v1/app/tasks/{task}/repeat,tasks.updateRepeatation,
task,POST,/api/v1/app/tasks/reorder,tasks.reorder,
task,POST,/api/v1/app/tasks/lists/move,tasks.moveList,
task,GET,/api/v1/app/tasks/pre-requisite,tasks.preRequisite,
task,GET,/api/v1/app/tasks,,
task,POST,/api/v1/app/tasks,,
task,GET,/api/v1/app/tasks/{id},,
task,PUT|PATCH,/api/v1/app/tasks/{id},,
task,DELETE,/api/v1/app/tasks/{id},,
task,POST,/api/v1/app/tasks/{task}/checklists/{checklist}/status,,
task,GET,/api/v1/app/tasks.checklists,,
task,POST,/api/v1/app/tasks.checklists,,
task,GET,/api/v1/app/tasks.checklists/{id},,
task,PUT|PATCH,/api/v1/app/tasks.checklists/{id},,
task,DELETE,/api/v1/app/tasks.checklists/{id},,
task,GET,/api/v1/app/tasks.members,,
task,POST,/api/v1/app/tasks.members,,
task,GET,/api/v1/app/tasks.members/{id},,
task,PUT|PATCH,/api/v1/app/tasks.members/{id},,
task,DELETE,/api/v1/app/tasks.members/{id},,
task,GET,/api/v1/app/tasks/dashboard/stat,tasks.dashboard.stat,task:read
task,GET,/api/v1/app/tasks/dashboard/favorite,tasks.dashboard.favorite,task:read
task,GET,/api/v1/app/tasks/dashboard/chart,tasks.dashboard.chart,task:read
task,GET,/api/v1/app/tasks/dashboard/record,tasks.dashboard.record,task:read
transport,GET,/api/v1/app/transport/vehicle/config/document-types,,transport:config
transport,POST,/api/v1/app/transport/vehicle/config/document-types,,transport:config
transport,GET,/api/v1/app/transport/vehicle/config/document-types/{id},,transport:config
transport,PUT|PATCH,/api/v1/app/transport/vehicle/config/document-types/{id},,transport:config
transport,DELETE,/api/v1/app/transport/vehicle/config/document-types/{id},,transport:config
transport,GET,/api/v1/app/transport/vehicle/config/expense-types,,transport:config
transport,POST,/api/v1/app/transport/vehicle/config/expense-types,,transport:config
transport,GET,/api/v1/app/transport/vehicle/config/expense-types/{id},,transport:config
transport,PUT|PATCH,/api/v1/app/transport/vehicle/config/expense-types/{id},,transport:config
transport,DELETE,/api/v1/app/transport/vehicle/config/expense-types/{id},,transport:config
transport,GET,/api/v1/app/transport/stoppages/pre-requisite,stoppages.preRequisite,transport-stoppage:manage
transport,POST,/api/v1/app/transport/stoppages/import,,transport-stoppage:manage
transport,GET,/api/v1/app/transport/stoppages,,transport-stoppage:manage
transport,POST,/api/v1/app/transport/stoppages,,transport-stoppage:manage
transport,GET,/api/v1/app/transport/stoppages/{id},,transport-stoppage:manage
transport,PUT|PATCH,/api/v1/app/transport/stoppages/{id},,transport-stoppage:manage
transport,DELETE,/api/v1/app/transport/stoppages/{id},,transport-stoppage:manage
transport,GET,/api/v1/app/transport/routes/pre-requisite,routes.preRequisite,
transport,DELETE,/api/v1/app/transport/routes/{route}/passengers/{passenger},routes.removePassenger,
transport,POST,/api/v1/app/transport/routes/{route}/students,routes.addStudent,
transport,POST,/api/v1/app/transport/routes/{route}/employees,routes.addEmployee,
transport,GET,/api/v1/app/transport/routes,,
transport,POST,/api/v1/app/transport/routes,,
transport,GET,/api/v1/app/transport/routes/{id},,
transport,PUT|PATCH,/api/v1/app/transport/routes/{id},,
transport,DELETE,/api/v1/app/transport/routes/{id},,
transport,GET,/api/v1/app/transport/circles/pre-requisite,circles.preRequisite,
transport,GET,/api/v1/app/transport/circles,,
transport,POST,/api/v1/app/transport/circles,,
transport,GET,/api/v1/app/transport/circles/{id},,
transport,PUT|PATCH,/api/v1/app/transport/circles/{id},,
transport,DELETE,/api/v1/app/transport/circles/{id},,
transport,GET,/api/v1/app/transport/fees/pre-requisite,fees.preRequisite,
transport,GET,/api/v1/app/transport/fees,,
transport,POST,/api/v1/app/transport/fees,,
transport,GET,/api/v1/app/transport/fees/{id},,
transport,PUT|PATCH,/api/v1/app/transport/fees/{id},,
transport,DELETE,/api/v1/app/transport/fees/{id},,
transport,GET,/api/v1/app/transport/vehicles/pre-requisite,vehicles.preRequisite,
transport,POST,/api/v1/app/transport/vehicles/import,,vehicle:create
transport,GET,/api/v1/app/transport/vehicles,,
transport,POST,/api/v1/app/transport/vehicles,,
transport,GET,/api/v1/app/transport/vehicles/{id},,
transport,PUT|PATCH,/api/v1/app/transport/vehicles/{id},,
transport,DELETE,/api/v1/app/transport/vehicles/{id},,
transport,GET,/api/v1/app/transport/reports/batch-wise-route/pre-requisite,batch-wise-route.preRequisite,transport:report
transport,GET,/api/v1/app/transport/reports/batch-wise-route,batch-wise-route.fetch,transport:report
transport,GET,/api/v1/app/transport/reports/route-wise-student/pre-requisite,route-wise-student.preRequisite,transport:report
transport,GET,/api/v1/app/transport/reports/route-wise-student,route-wise-student.fetch,transport:report
transport,GET,/api/v1/app/transport/vehicle/incharges/pre-requisite,incharges.preRequisite,
transport,POST,/api/v1/app/transport/vehicle/incharges/import,,vehicle-incharge:create
transport,GET,/api/v1/app/transport/vehicle/incharges,,
transport,POST,/api/v1/app/transport/vehicle/incharges,,
transport,GET,/api/v1/app/transport/vehicle/incharges/{id},,
transport,PUT|PATCH,/api/v1/app/transport/vehicle/incharges/{id},,
transport,DELETE,/api/v1/app/transport/vehicle/incharges/{id},,
transport,GET,/api/v1/app/transport/vehicle/documents/pre-requisite,documents.preRequisite,
transport,POST,/api/v1/app/transport/vehicle/documents/import,documents.import,vehicle-document:create
transport,GET,/api/v1/app/transport/vehicle/documents,,
transport,POST,/api/v1/app/transport/vehicle/documents,,
transport,GET,/api/v1/app/transport/vehicle/documents/{id},,
transport,PUT|PATCH,/api/v1/app/transport/vehicle/documents/{id},,
transport,DELETE,/api/v1/app/transport/vehicle/documents/{id},,
transport,GET,/api/v1/app/transport/vehicle/fuel-records/pre-requisite,fuel-records.preRequisite,
transport,POST,/api/v1/app/transport/vehicle/fuel-records/previous-log,fuel-records.getPreviousLog,
transport,GET,/api/v1/app/transport/vehicle/fuel-records,,
transport,POST,/api/v1/app/transport/vehicle/fuel-records,,
transport,GET,/api/v1/app/transport/vehicle/fuel-records/{id},,
transport,PUT|PATCH,/api/v1/app/transport/vehicle/fuel-records/{id},,
transport,DELETE,/api/v1/app/transport/vehicle/fuel-records/{id},,
transport,GET,/api/v1/app/transport/vehicle/trip-records/pre-requisite,trip-records.preRequisite,
transport,GET,/api/v1/app/transport/vehicle/trip-records,,
transport,POST,/api/v1/app/transport/vehicle/trip-records,,
transport,GET,/api/v1/app/transport/vehicle/trip-records/{id},,
transport,PUT|PATCH,/api/v1/app/transport/vehicle/trip-records/{id},,
transport,DELETE,/api/v1/app/transport/vehicle/trip-records/{id},,
transport,GET,/api/v1/app/transport/vehicle/service-records/pre-requisite,service-records.preRequisite,
transport,GET,/api/v1/app/transport/vehicle/service-records,,
transport,POST,/api/v1/app/transport/vehicle/service-records,,
transport,GET,/api/v1/app/transport/vehicle/service-records/{id},,
transport,PUT|PATCH,/api/v1/app/transport/vehicle/service-records/{id},,
transport,DELETE,/api/v1/app/transport/vehicle/service-records/{id},,
transport,GET,/api/v1/app/transport/vehicle/case-records/pre-requisite,case-records.preRequisite,
transport,GET,/api/v1/app/transport/vehicle/case-records,,
transport,POST,/api/v1/app/transport/vehicle/case-records,,
transport,GET,/api/v1/app/transport/vehicle/case-records/{id},,
transport,PUT|PATCH,/api/v1/app/transport/vehicle/case-records/{id},,
transport,DELETE,/api/v1/app/transport/vehicle/case-records/{id},,
transport,GET,/api/v1/app/transport/vehicle/expense-records/pre-requisite,expense-records.preRequisite,
transport,POST,/api/v1/app/transport/vehicle/expense-records/import,expense-records.import,vehicle-expense-record:create
transport,GET,/api/v1/app/transport/vehicle/expense-records,,
transport,POST,/api/v1/app/transport/vehicle/expense-records,,
transport,GET,/api/v1/app/transport/vehicle/expense-records/{id},,
transport,PUT|PATCH,/api/v1/app/transport/vehicle/expense-records/{id},,
transport,DELETE,/api/v1/app/transport/vehicle/expense-records/{id},,
core,POST,/api/v1/app/support/token,support.token,
core,GET,/api/v1/app/organizations,,organization:manage
core,POST,/api/v1/app/organizations,,organization:manage
core,GET,/api/v1/app/organizations/{id},,organization:manage
core,PUT|PATCH,/api/v1/app/organizations/{id},,organization:manage
core,DELETE,/api/v1/app/organizations/{id},,organization:manage
core,GET,/api/v1/app/teams,,team:manage
core,GET,/api/v1/app/teams/{id},,team:manage
core,GET,/api/v1/app/teams.roles,,team:manage
core,POST,/api/v1/app/teams.roles,,team:manage
core,GET,/api/v1/app/teams.roles/{id},,team:manage
core,DELETE,/api/v1/app/teams.roles/{id},,team:manage
core,GET,/api/v1/app/teams/{team}/config,teams.config,team:manage
core,POST,/api/v1/app/teams/{team}/config,teams.config,team:manage
core,GET,/api/v1/app/teams/{team}/permissions/pre-requisite,,team:manage
core,POST,/api/v1/app/teams/{team}/permissions/role/assign,,team:manage
core,GET,/api/v1/app/teams/{team}/permissions/search,,team:manage
core,GET,/api/v1/app/teams/{team}/permissions/user/search,,team:manage
core,POST,/api/v1/app/teams/{team}/permissions/user/assign,,team:manage
core,GET,/api/v1/app/users/pre-requisite,,
core,POST,/api/v1/app/users/scope,,
core,POST,/api/v1/app/users/{user}/status,,
core,POST,/api/v1/app/users/{user}/toggle-force-change-password,,
core,POST,/api/v1/app/users/{user}/impersonate,,
core,POST,/api/v1/app/users/unimpersonate,,
core,GET,/api/v1/app/users,,
core,POST,/api/v1/app/users,,
core,GET,/api/v1/app/users/{id},,
core,PUT|PATCH,/api/v1/app/users/{id},,
core,DELETE,/api/v1/app/users/{id},,
core,POST,/api/v1/app/user/preference,preference,
core,POST,/api/v1/app/user/force-change-password,,
core,GET,/api/v1/app/setup-wizard,setup.wizard,
core,GET,/api/v1/app/failed-login-attempts,failed.login.attempt,
core,GET,/api/v1/app/bulk-upload/action/pre-requisite,bulkUpload.preRequisite,
core,POST,/api/v1/app/bulk-upload/action,bulkUpload.import,
core,POST,/api/v1/app/attendance/qr-code,attendance.fetchQrCode,
core,POST,/api/v1/app/attendance/mark,attendance.mark,
core,POST,/api/v1/app/user/password,password.change,
core,POST,/api/v1/app/user/profile,profile.update,
core,POST,/api/v1/app/user/profile/account,profile.account,
core,POST,/api/v1/app/user/profile/verify,profile.verify,
core,POST,/api/v1/app/user/profile/avatar,profile.uploadAvatar,
core,DELETE,/api/v1/app/user/profile/avatar,profile.removeAvatar,
core,GET,/api/v1/app/notifications,notifications.index,
core,POST,/api/v1/app/notifications/{notification}/mark-as-read,notifications.markAsRead,
core,POST,/api/v1/app/notifications/mark-all-as-read,notifications.markAllAsRead,
core,GET,/api/v1/app/reminders,,
core,POST,/api/v1/app/reminders,,
core,GET,/api/v1/app/reminders/{id},,
core,PUT|PATCH,/api/v1/app/reminders/{id},,
core,DELETE,/api/v1/app/reminders/{id},,
core,GET,/api/v1/app/dashboard/stat,dashboard.stat,dashboard:stat
core,GET,/api/v1/app/dashboard/student-chart-data,dashboard.studentChartData,dashboard:stat
core,GET,/api/v1/app/dashboard/transaction-chart-data,dashboard.transactionChartData,dashboard:stat
core,GET,/api/v1/app/dashboard/employee-attendance-summary,dashboard.getEmployeeAttendanceSummary,dashboard:stat
core,GET,/api/v1/app/dashboard/schedule,dashboard.schedule,
core,GET,/api/v1/app/dashboard/timetable,dashboard.timetable,
core,GET,/api/v1/app/dashboard/student,dashboard.listStudent,
core,GET,/api/v1/app/dashboard/transport-route,dashboard.getTransportRoute,
core,GET,/api/v1/app/dashboard/mess-schedule,dashboard.getMessSchedule,
core,GET,/api/v1/app/dashboard/institute-info,dashboard.getInstituteInfo,
core,GET,/api/v1/app/dashboard/form-list,dashboard.getFormList,
core,GET,/api/v1/app/dashboard/gallery,dashboard.listGallery,
core,GET,/api/v1/app/dashboard/celebration,dashboard.getCelebration,
core,GET,/api/v1/app/search,search,
core,GET,/api/v1/app/config/module-pre-requisite,config.modulePreRequisite,
core,GET,"/api/v1/app/config/, [ConfigController::class, ",config.fetch,
core,POST,"/api/v1/app/config/, [ConfigController::class, ",config.store,
core,POST,/api/v1/app/config/module,config.storeModule,
core,GET,/api/v1/app/config/mail/test,config.testMailConnection,
core,GET,/api/v1/app/config/sms/test,config.testSMS,
core,GET,/api/v1/app/config/whatsapp/test,config.testWhatsApp,
core,GET,/api/v1/app/config/pusher/test,config.testPusherConnection,
core,GET,/api/v1/app/config/app/test,config.testAppNotification,
core,POST,/api/v1/app/config/assets,,
core,DELETE,/api/v1/app/config/assets,,
core,POST,/api/v1/app/config/templates/{template}/status,templates.updateStatus,config:store
core,GET,/api/v1/app/config/mail-templates,,config:store
core,GET,/api/v1/app/config/mail-templates/{id},,config:store
core,PUT|PATCH,/api/v1/app/config/mail-templates/{id},,config:store
core,GET,/api/v1/app/config/sms-templates,,config:store
core,GET,/api/v1/app/config/sms-templates/{id},,config:store
core,PUT|PATCH,/api/v1/app/config/sms-templates/{id},,config:store
core,GET,/api/v1/app/config/whatsapp-templates,,config:store
core,GET,/api/v1/app/config/whatsapp-templates/{id},,config:store
core,PUT|PATCH,/api/v1/app/config/whatsapp-templates/{id},,config:store
core,GET,/api/v1/app/config/push-notification-templates,,config:store
core,GET,/api/v1/app/config/push-notification-templates/{id},,config:store
core,PUT|PATCH,/api/v1/app/config/push-notification-templates/{id},,config:store
core,POST,/api/v1/app/config/locales/{locale}/sync,locales.sync,config:store
core,GET,/api/v1/app/config/locales,,config:store
core,POST,/api/v1/app/config/locales,,config:store
core,GET,/api/v1/app/config/locales/{id},,config:store
core,PUT|PATCH,/api/v1/app/config/locales/{id},,config:store
core,DELETE,/api/v1/app/config/locales/{id},,config:store
core,GET,/api/v1/app/options/pre-requisite,options.preRequisite,
core,POST,/api/v1/app/options/import,,
core,POST,/api/v1/app/options/reorder,,
core,GET,/api/v1/app/options,,
core,POST,/api/v1/app/options,,
core,GET,/api/v1/app/options/{id},,
core,PUT|PATCH,/api/v1/app/options/{id},,
core,DELETE,/api/v1/app/options/{id},,
core,GET,/api/v1/app/custom-fields/pre-requisite,custom-fields.preRequisite,
core,GET,/api/v1/app/custom-fields,,
core,POST,/api/v1/app/custom-fields,,
core,GET,/api/v1/app/custom-fields/{id},,
core,PUT|PATCH,/api/v1/app/custom-fields/{id},,
core,DELETE,/api/v1/app/custom-fields/{id},,
core,POST,/api/v1/app/comments,comments.store,
core,GET,/api/v1/app/utility/todos/pre-requisite,todos.preRequisite,todo:manage
core,POST,/api/v1/app/utility/todos/{todo}/status,todos.status,todo:manage
core,POST,/api/v1/app/utility/todos/{todo}/archive,todos.archive,todo:manage
core,POST,/api/v1/app/utility/todos/{todo}/unarchive,todos.unarchive,todo:manage
core,POST,/api/v1/app/utility/todos/reorder,todos.reorder,todo:manage
core,POST,/api/v1/app/utility/todos/lists/move,todos.moveList,todo:manage
core,POST,/api/v1/app/utility/todos/delete,,
core,GET,/api/v1/app/utility/todos,,todo:manage
core,POST,/api/v1/app/utility/todos,,todo:manage
core,GET,/api/v1/app/utility/todos/{id},,todo:manage
core,PUT|PATCH,/api/v1/app/utility/todos/{id},,todo:manage
core,DELETE,/api/v1/app/utility/todos/{id},,todo:manage
core,POST,/api/v1/app/utility/backups,,backup:manage
core,GET,/api/v1/app/utility/backups,,backup:manage
core,DELETE,/api/v1/app/utility/backups/{id},,backup:manage
core,GET,/api/v1/app/utility/activity-logs,,activity-log:manage
core,DELETE,/api/v1/app/utility/activity-logs/{id},,activity-log:manage
core,POST,/api/v1/app/images/upload,image.upload,
core,GET,/api/v1/app/tags,tags.index,
core,POST,/api/v1/app/medias,,
core,DELETE,/api/v1/app/medias/{id},,
chat,GET,/api/v1/app/users,chat.users,
chat,GET,/api/v1/app/,chat.index,
chat,POST,/api/v1/app/,chat.store,
chat,GET,/api/v1/app/{chat},chat.show,
chat,POST,/api/v1/app/{chat}/read,chat.markAsRead,
chat,DELETE,/api/v1/app/{chat},chat.destroy,
chat,GET,/api/v1/app/{chat}/messages,chat.messages.index,
chat,POST,/api/v1/app/{chat}/messages,chat.messages.store,
auth,POST,/api/v1/app/login,login,
auth,POST,/api/v1/app/login/otp/request,login.otp.request,
auth,POST,/api/v1/app/login/otp/confirm,login.otp.confirm,
auth,POST,/api/v1/app/password/request,password.request,
auth,POST,/api/v1/app/password/confirm,password.confirm,
auth,POST,/api/v1/app/password/reset,password.reset,
auth,POST,/api/v1/app/register,register,
auth,POST,/api/v1/app/register/email,register.email.request,
auth,POST,/api/v1/app/register/verify,register.verify,
auth,POST,/api/v1/app/logout,logout,
auth,POST,/api/v1/app/security,security,
auth,POST,/api/v1/app/unlock,unlock,
auth,GET,/api/v1/app/user,me,
auth,POST,/api/v1/app/confirm-password,confirm-password,
auth,GET,/api/v1/app/config,auth.config,
auth,POST,/api/v1/app/lock,lock,
